Fecha,variable,value,Grupo de edad
2020-03-06,Graves,0.0,0-4
2020-03-07,Graves,0.0,0-4
2020-03-08,Graves,0.0,0-4
2020-03-09,Graves,0.0,0-4
2020-03-10,Graves,0.0,0-4
2020-03-11,Graves,0.0,0-4
2020-03-12,Graves,0.0,0-4
2020-03-13,Graves,0.0,0-4
2020-03-14,Graves,0.0,0-4
2020-03-15,Graves,0.0,0-4
2020-03-16,Graves,0.0,0-4
2020-03-17,Graves,0.0,0-4
2020-03-18,Graves,0.0,0-4
2020-03-19,Graves,0.0,0-4
2020-03-20,Graves,0.0,0-4
2020-03-21,Graves,0.0,0-4
2020-03-22,Graves,0.0,0-4
2020-03-23,Graves,0.0,0-4
2020-03-24,Graves,0.0,0-4
2020-03-25,Graves,0.0,0-4
2020-03-26,Graves,0.0,0-4
2020-03-27,Graves,0.0,0-4
2020-03-28,Graves,0.0,0-4
2020-03-29,Graves,0.0,0-4
2020-03-30,Graves,0.0,0-4
2020-03-31,Graves,0.0,0-4
2020-04-01,Graves,0.0,0-4
2020-04-02,Graves,0.0,0-4
2020-04-03,Graves,0.0,0-4
2020-04-04,Graves,0.0,0-4
2020-04-05,Graves,0.0,0-4
2020-04-06,Graves,0.0,0-4
2020-04-07,Graves,0.0,0-4
2020-04-08,Graves,0.0,0-4
2020-04-09,Graves,0.0,0-4
2020-04-10,Graves,0.0,0-4
2020-04-11,Graves,0.0,0-4
2020-04-12,Graves,0.0,0-4
2020-04-13,Graves,0.0,0-4
2020-04-14,Graves,0.0,0-4
2020-04-15,Graves,0.0,0-4
2020-04-16,Graves,0.0,0-4
2020-04-17,Graves,0.0,0-4
2020-04-18,Graves,0.0,0-4
2020-04-19,Graves,0.0,0-4
2020-04-20,Graves,0.0,0-4
2020-04-21,Graves,0.0,0-4
2020-04-22,Graves,0.0,0-4
2020-04-23,Graves,0.0,0-4
2020-04-24,Graves,0.0,0-4
2020-04-25,Graves,0.0,0-4
2020-04-26,Graves,0.0,0-4
2020-04-27,Graves,0.0,0-4
2020-04-28,Graves,0.0,0-4
2020-04-29,Graves,0.0,0-4
2020-04-30,Graves,0.0,0-4
2020-05-01,Graves,0.0,0-4
2020-05-02,Graves,0.0,0-4
2020-05-03,Graves,0.0,0-4
2020-05-04,Graves,0.0,0-4
2020-05-05,Graves,0.0,0-4
2020-05-06,Graves,0.0,0-4
2020-05-07,Graves,0.0,0-4
2020-05-08,Graves,0.0,0-4
2020-05-09,Graves,0.0,0-4
2020-05-10,Graves,0.0,0-4
2020-05-11,Graves,0.0,0-4
2020-05-12,Graves,0.0,0-4
2020-05-13,Graves,0.0,0-4
2020-05-14,Graves,0.0,0-4
2020-05-15,Graves,0.0,0-4
2020-05-16,Graves,0.0,0-4
2020-05-17,Graves,0.0,0-4
2020-05-18,Graves,0.0,0-4
2020-05-19,Graves,0.0,0-4
2020-05-20,Graves,0.0,0-4
2020-05-21,Graves,0.0,0-4
2020-05-22,Graves,0.0,0-4
2020-05-23,Graves,0.0,0-4
2020-05-24,Graves,0.0,0-4
2020-05-25,Graves,0.0,0-4
2020-05-26,Graves,0.0,0-4
2020-05-27,Graves,0.0,0-4
2020-05-28,Graves,0.0,0-4
2020-05-29,Graves,0.0,0-4
2020-05-30,Graves,0.0,0-4
2020-05-31,Graves,0.0,0-4
2020-06-01,Graves,0.0,0-4
2020-06-02,Graves,0.0,0-4
2020-06-03,Graves,0.0,0-4
2020-06-04,Graves,0.0,0-4
2020-06-05,Graves,0.0,0-4
2020-06-06,Graves,0.0,0-4
2020-06-07,Graves,0.0,0-4
2020-06-08,Graves,0.0,0-4
2020-06-09,Graves,0.0,0-4
2020-06-10,Graves,0.0,0-4
2020-06-11,Graves,0.0,0-4
2020-06-12,Graves,0.0,0-4
2020-06-13,Graves,0.0,0-4
2020-06-14,Graves,0.0,0-4
2020-06-15,Graves,0.0,0-4
2020-06-16,Graves,0.0,0-4
2020-06-17,Graves,0.0,0-4
2020-06-18,Graves,0.0,0-4
2020-06-19,Graves,0.0,0-4
2020-06-20,Graves,0.0,0-4
2020-06-21,Graves,0.0,0-4
2020-06-22,Graves,0.0,0-4
2020-06-23,Graves,0.0,0-4
2020-06-24,Graves,0.0,0-4
2020-06-25,Graves,0.0,0-4
2020-06-26,Graves,0.0,0-4
2020-06-27,Graves,0.0,0-4
2020-06-28,Graves,0.0,0-4
2020-06-29,Graves,0.0,0-4
2020-06-30,Graves,0.0,0-4
2020-07-01,Graves,0.0,0-4
2020-07-02,Graves,0.0,0-4
2020-07-03,Graves,0.0,0-4
2020-07-04,Graves,0.0,0-4
2020-07-05,Graves,0.0,0-4
2020-07-06,Graves,0.0,0-4
2020-07-07,Graves,0.0,0-4
2020-07-08,Graves,0.0,0-4
2020-07-09,Graves,0.0,0-4
2020-07-10,Graves,0.0,0-4
2020-07-11,Graves,0.0,0-4
2020-07-12,Graves,0.0,0-4
2020-07-13,Graves,0.0,0-4
2020-07-14,Graves,0.0,0-4
2020-07-15,Graves,0.0,0-4
2020-07-16,Graves,0.0,0-4
2020-07-17,Graves,0.0,0-4
2020-07-18,Graves,0.0,0-4
2020-07-19,Graves,0.0,0-4
2020-07-20,Graves,0.0,0-4
2020-07-21,Graves,0.0,0-4
2020-07-22,Graves,0.0,0-4
2020-07-23,Graves,0.0,0-4
2020-07-24,Graves,0.0,0-4
2020-07-25,Graves,0.0,0-4
2020-07-26,Graves,0.0,0-4
2020-07-27,Graves,0.0,0-4
2020-07-28,Graves,0.0,0-4
2020-07-29,Graves,0.0,0-4
2020-07-30,Graves,0.0,0-4
2020-07-31,Graves,0.0,0-4
2020-08-01,Graves,0.0,0-4
2020-08-02,Graves,0.0,0-4
2020-03-06,Críticos,0.0,0-4
2020-03-07,Críticos,0.0,0-4
2020-03-08,Críticos,0.0,0-4
2020-03-09,Críticos,0.0,0-4
2020-03-10,Críticos,0.0,0-4
2020-03-11,Críticos,0.0,0-4
2020-03-12,Críticos,0.0,0-4
2020-03-13,Críticos,0.0,0-4
2020-03-14,Críticos,0.0,0-4
2020-03-15,Críticos,0.0,0-4
2020-03-16,Críticos,0.0,0-4
2020-03-17,Críticos,0.0,0-4
2020-03-18,Críticos,0.0,0-4
2020-03-19,Críticos,0.0,0-4
2020-03-20,Críticos,0.0,0-4
2020-03-21,Críticos,0.0,0-4
2020-03-22,Críticos,0.0,0-4
2020-03-23,Críticos,0.0,0-4
2020-03-24,Críticos,0.0,0-4
2020-03-25,Críticos,0.0,0-4
2020-03-26,Críticos,0.0,0-4
2020-03-27,Críticos,0.0,0-4
2020-03-28,Críticos,0.0,0-4
2020-03-29,Críticos,0.0,0-4
2020-03-30,Críticos,0.0,0-4
2020-03-31,Críticos,0.0,0-4
2020-04-01,Críticos,0.0,0-4
2020-04-02,Críticos,0.0,0-4
2020-04-03,Críticos,0.0,0-4
2020-04-04,Críticos,0.0,0-4
2020-04-05,Críticos,0.0,0-4
2020-04-06,Críticos,0.0,0-4
2020-04-07,Críticos,0.0,0-4
2020-04-08,Críticos,0.0,0-4
2020-04-09,Críticos,0.0,0-4
2020-04-10,Críticos,0.0,0-4
2020-04-11,Críticos,0.0,0-4
2020-04-12,Críticos,0.0,0-4
2020-04-13,Críticos,0.0,0-4
2020-04-14,Críticos,0.0,0-4
2020-04-15,Críticos,0.0,0-4
2020-04-16,Críticos,0.0,0-4
2020-04-17,Críticos,0.0,0-4
2020-04-18,Críticos,0.0,0-4
2020-04-19,Críticos,0.0,0-4
2020-04-20,Críticos,0.0,0-4
2020-04-21,Críticos,0.0,0-4
2020-04-22,Críticos,0.0,0-4
2020-04-23,Críticos,0.0,0-4
2020-04-24,Críticos,0.0,0-4
2020-04-25,Críticos,0.0,0-4
2020-04-26,Críticos,0.0,0-4
2020-04-27,Críticos,0.0,0-4
2020-04-28,Críticos,0.0,0-4
2020-04-29,Críticos,0.0,0-4
2020-04-30,Críticos,0.0,0-4
2020-05-01,Críticos,0.0,0-4
2020-05-02,Críticos,0.0,0-4
2020-05-03,Críticos,0.0,0-4
2020-05-04,Críticos,0.0,0-4
2020-05-05,Críticos,0.0,0-4
2020-05-06,Críticos,0.0,0-4
2020-05-07,Críticos,0.0,0-4
2020-05-08,Críticos,0.0,0-4
2020-05-09,Críticos,0.0,0-4
2020-05-10,Críticos,0.0,0-4
2020-05-11,Críticos,0.0,0-4
2020-05-12,Críticos,0.0,0-4
2020-05-13,Críticos,0.0,0-4
2020-05-14,Críticos,0.0,0-4
2020-05-15,Críticos,0.0,0-4
2020-05-16,Críticos,0.0,0-4
2020-05-17,Críticos,0.0,0-4
2020-05-18,Críticos,0.0,0-4
2020-05-19,Críticos,0.0,0-4
2020-05-20,Críticos,0.0,0-4
2020-05-21,Críticos,0.0,0-4
2020-05-22,Críticos,0.0,0-4
2020-05-23,Críticos,0.0,0-4
2020-05-24,Críticos,0.0,0-4
2020-05-25,Críticos,0.0,0-4
2020-05-26,Críticos,0.0,0-4
2020-05-27,Críticos,0.0,0-4
2020-05-28,Críticos,0.0,0-4
2020-05-29,Críticos,0.0,0-4
2020-05-30,Críticos,0.0,0-4
2020-05-31,Críticos,0.0,0-4
2020-06-01,Críticos,0.0,0-4
2020-06-02,Críticos,0.0,0-4
2020-06-03,Críticos,0.0,0-4
2020-06-04,Críticos,0.0,0-4
2020-06-05,Críticos,0.0,0-4
2020-06-06,Críticos,0.0,0-4
2020-06-07,Críticos,0.0,0-4
2020-06-08,Críticos,0.0,0-4
2020-06-09,Críticos,0.0,0-4
2020-06-10,Críticos,0.0,0-4
2020-06-11,Críticos,0.0,0-4
2020-06-12,Críticos,0.0,0-4
2020-06-13,Críticos,0.0,0-4
2020-06-14,Críticos,0.0,0-4
2020-06-15,Críticos,0.0,0-4
2020-06-16,Críticos,0.0,0-4
2020-06-17,Críticos,0.0,0-4
2020-06-18,Críticos,0.0,0-4
2020-06-19,Críticos,0.0,0-4
2020-06-20,Críticos,0.0,0-4
2020-06-21,Críticos,0.0,0-4
2020-06-22,Críticos,0.0,0-4
2020-06-23,Críticos,0.0,0-4
2020-06-24,Críticos,0.0,0-4
2020-06-25,Críticos,0.0,0-4
2020-06-26,Críticos,0.0,0-4
2020-06-27,Críticos,0.0,0-4
2020-06-28,Críticos,0.0,0-4
2020-06-29,Críticos,0.0,0-4
2020-06-30,Críticos,0.0,0-4
2020-07-01,Críticos,0.0,0-4
2020-07-02,Críticos,0.0,0-4
2020-07-03,Críticos,0.0,0-4
2020-07-04,Críticos,0.0,0-4
2020-07-05,Críticos,0.0,0-4
2020-07-06,Críticos,0.0,0-4
2020-07-07,Críticos,0.0,0-4
2020-07-08,Críticos,0.0,0-4
2020-07-09,Críticos,0.0,0-4
2020-07-10,Críticos,0.0,0-4
2020-07-11,Críticos,0.0,0-4
2020-07-12,Críticos,0.0,0-4
2020-07-13,Críticos,0.0,0-4
2020-07-14,Críticos,0.0,0-4
2020-07-15,Críticos,0.0,0-4
2020-07-16,Críticos,0.0,0-4
2020-07-17,Críticos,0.0,0-4
2020-07-18,Críticos,0.0,0-4
2020-07-19,Críticos,0.0,0-4
2020-07-20,Críticos,0.0,0-4
2020-07-21,Críticos,0.0,0-4
2020-07-22,Críticos,0.0,0-4
2020-07-23,Críticos,0.0,0-4
2020-07-24,Críticos,0.0,0-4
2020-07-25,Críticos,0.0,0-4
2020-07-26,Críticos,0.0,0-4
2020-07-27,Críticos,0.0,0-4
2020-07-28,Críticos,0.0,0-4
2020-07-29,Críticos,0.0,0-4
2020-07-30,Críticos,0.0,0-4
2020-07-31,Críticos,0.0,0-4
2020-08-01,Críticos,0.0,0-4
2020-08-02,Críticos,0.0,0-4
2020-03-06,Fallecidos,0.0,0-4
2020-03-07,Fallecidos,0.0,0-4
2020-03-08,Fallecidos,0.0,0-4
2020-03-09,Fallecidos,0.0,0-4
2020-03-10,Fallecidos,0.0,0-4
2020-03-11,Fallecidos,0.0,0-4
2020-03-12,Fallecidos,0.0,0-4
2020-03-13,Fallecidos,0.0,0-4
2020-03-14,Fallecidos,0.0,0-4
2020-03-15,Fallecidos,0.0,0-4
2020-03-16,Fallecidos,0.0,0-4
2020-03-17,Fallecidos,0.0,0-4
2020-03-18,Fallecidos,0.0,0-4
2020-03-19,Fallecidos,0.0,0-4
2020-03-20,Fallecidos,0.0,0-4
2020-03-21,Fallecidos,0.0,0-4
2020-03-22,Fallecidos,0.0,0-4
2020-03-23,Fallecidos,0.0,0-4
2020-03-24,Fallecidos,0.0,0-4
2020-03-25,Fallecidos,0.0,0-4
2020-03-26,Fallecidos,0.0,0-4
2020-03-27,Fallecidos,0.0,0-4
2020-03-28,Fallecidos,0.0,0-4
2020-03-29,Fallecidos,0.0,0-4
2020-03-30,Fallecidos,0.0,0-4
2020-03-31,Fallecidos,0.0,0-4
2020-04-01,Fallecidos,0.0,0-4
2020-04-02,Fallecidos,0.0,0-4
2020-04-03,Fallecidos,0.0,0-4
2020-04-04,Fallecidos,0.0,0-4
2020-04-05,Fallecidos,0.0,0-4
2020-04-06,Fallecidos,0.0,0-4
2020-04-07,Fallecidos,0.0,0-4
2020-04-08,Fallecidos,0.0,0-4
2020-04-09,Fallecidos,0.0,0-4
2020-04-10,Fallecidos,0.0,0-4
2020-04-11,Fallecidos,0.0,0-4
2020-04-12,Fallecidos,0.0,0-4
2020-04-13,Fallecidos,0.0,0-4
2020-04-14,Fallecidos,0.0,0-4
2020-04-15,Fallecidos,0.0,0-4
2020-04-16,Fallecidos,0.0,0-4
2020-04-17,Fallecidos,0.0,0-4
2020-04-18,Fallecidos,0.0,0-4
2020-04-19,Fallecidos,0.0,0-4
2020-04-20,Fallecidos,0.0,0-4
2020-04-21,Fallecidos,0.0,0-4
2020-04-22,Fallecidos,0.0,0-4
2020-04-23,Fallecidos,0.0,0-4
2020-04-24,Fallecidos,0.0,0-4
2020-04-25,Fallecidos,0.0,0-4
2020-04-26,Fallecidos,0.0,0-4
2020-04-27,Fallecidos,0.0,0-4
2020-04-28,Fallecidos,0.0,0-4
2020-04-29,Fallecidos,0.0,0-4
2020-04-30,Fallecidos,0.0,0-4
2020-05-01,Fallecidos,0.0,0-4
2020-05-02,Fallecidos,0.0,0-4
2020-05-03,Fallecidos,0.0,0-4
2020-05-04,Fallecidos,0.0,0-4
2020-05-05,Fallecidos,0.0,0-4
2020-05-06,Fallecidos,0.0,0-4
2020-05-07,Fallecidos,0.0,0-4
2020-05-08,Fallecidos,0.0,0-4
2020-05-09,Fallecidos,0.0,0-4
2020-05-10,Fallecidos,0.0,0-4
2020-05-11,Fallecidos,0.0,0-4
2020-05-12,Fallecidos,0.0,0-4
2020-05-13,Fallecidos,0.0,0-4
2020-05-14,Fallecidos,0.0,0-4
2020-05-15,Fallecidos,0.0,0-4
2020-05-16,Fallecidos,0.0,0-4
2020-05-17,Fallecidos,0.0,0-4
2020-05-18,Fallecidos,0.0,0-4
2020-05-19,Fallecidos,0.0,0-4
2020-05-20,Fallecidos,0.0,0-4
2020-05-21,Fallecidos,0.0,0-4
2020-05-22,Fallecidos,0.0,0-4
2020-05-23,Fallecidos,0.0,0-4
2020-05-24,Fallecidos,0.0,0-4
2020-05-25,Fallecidos,0.0,0-4
2020-05-26,Fallecidos,0.0,0-4
2020-05-27,Fallecidos,0.0,0-4
2020-05-28,Fallecidos,0.0,0-4
2020-05-29,Fallecidos,0.0,0-4
2020-05-30,Fallecidos,0.0,0-4
2020-05-31,Fallecidos,0.0,0-4
2020-06-01,Fallecidos,0.0,0-4
2020-06-02,Fallecidos,0.0,0-4
2020-06-03,Fallecidos,0.0,0-4
2020-06-04,Fallecidos,0.0,0-4
2020-06-05,Fallecidos,0.0,0-4
2020-06-06,Fallecidos,0.0,0-4
2020-06-07,Fallecidos,0.0,0-4
2020-06-08,Fallecidos,0.0,0-4
2020-06-09,Fallecidos,0.0,0-4
2020-06-10,Fallecidos,0.0,0-4
2020-06-11,Fallecidos,0.0,0-4
2020-06-12,Fallecidos,0.0,0-4
2020-06-13,Fallecidos,0.0,0-4
2020-06-14,Fallecidos,0.0,0-4
2020-06-15,Fallecidos,0.0,0-4
2020-06-16,Fallecidos,0.0,0-4
2020-06-17,Fallecidos,0.0,0-4
2020-06-18,Fallecidos,0.0,0-4
2020-06-19,Fallecidos,0.0,0-4
2020-06-20,Fallecidos,0.0,0-4
2020-06-21,Fallecidos,0.0,0-4
2020-06-22,Fallecidos,0.0,0-4
2020-06-23,Fallecidos,0.0,0-4
2020-06-24,Fallecidos,0.0,0-4
2020-06-25,Fallecidos,0.0,0-4
2020-06-26,Fallecidos,0.0,0-4
2020-06-27,Fallecidos,0.0,0-4
2020-06-28,Fallecidos,0.0,0-4
2020-06-29,Fallecidos,0.0,0-4
2020-06-30,Fallecidos,0.0,0-4
2020-07-01,Fallecidos,0.0,0-4
2020-07-02,Fallecidos,0.0,0-4
2020-07-03,Fallecidos,0.0,0-4
2020-07-04,Fallecidos,0.0,0-4
2020-07-05,Fallecidos,0.0,0-4
2020-07-06,Fallecidos,0.0,0-4
2020-07-07,Fallecidos,0.0,0-4
2020-07-08,Fallecidos,0.0,0-4
2020-07-09,Fallecidos,0.0,0-4
2020-07-10,Fallecidos,0.0,0-4
2020-07-11,Fallecidos,0.0,0-4
2020-07-12,Fallecidos,0.0,0-4
2020-07-13,Fallecidos,0.0,0-4
2020-07-14,Fallecidos,0.0,0-4
2020-07-15,Fallecidos,0.0,0-4
2020-07-16,Fallecidos,0.0,0-4
2020-07-17,Fallecidos,0.0,0-4
2020-07-18,Fallecidos,0.0,0-4
2020-07-19,Fallecidos,0.0,0-4
2020-07-20,Fallecidos,0.0,0-4
2020-07-21,Fallecidos,0.0,0-4
2020-07-22,Fallecidos,0.0,0-4
2020-07-23,Fallecidos,0.0,0-4
2020-07-24,Fallecidos,0.0,0-4
2020-07-25,Fallecidos,0.0,0-4
2020-07-26,Fallecidos,0.0,0-4
2020-07-27,Fallecidos,0.0,0-4
2020-07-28,Fallecidos,0.0,0-4
2020-07-29,Fallecidos,0.0,0-4
2020-07-30,Fallecidos,0.0,0-4
2020-07-31,Fallecidos,0.0,0-4
2020-08-01,Fallecidos,0.0,0-4
2020-08-02,Fallecidos,0.0,0-4
2020-03-06,Graves,0.0,5-19
2020-03-07,Graves,0.0,5-19
2020-03-08,Graves,0.0,5-19
2020-03-09,Graves,0.0,5-19
2020-03-10,Graves,0.0,5-19
2020-03-11,Graves,0.0,5-19
2020-03-12,Graves,0.0,5-19
2020-03-13,Graves,0.0,5-19
2020-03-14,Graves,0.0,5-19
2020-03-15,Graves,0.0,5-19
2020-03-16,Graves,0.0,5-19
2020-03-17,Graves,0.0,5-19
2020-03-18,Graves,0.0,5-19
2020-03-19,Graves,0.0,5-19
2020-03-20,Graves,0.0,5-19
2020-03-21,Graves,0.0,5-19
2020-03-22,Graves,0.0,5-19
2020-03-23,Graves,0.0,5-19
2020-03-24,Graves,0.0,5-19
2020-03-25,Graves,0.0,5-19
2020-03-26,Graves,0.0,5-19
2020-03-27,Graves,0.0,5-19
2020-03-28,Graves,0.0,5-19
2020-03-29,Graves,0.0,5-19
2020-03-30,Graves,0.0,5-19
2020-03-31,Graves,0.0,5-19
2020-04-01,Graves,0.0,5-19
2020-04-02,Graves,0.0,5-19
2020-04-03,Graves,0.0,5-19
2020-04-04,Graves,0.0,5-19
2020-04-05,Graves,0.0,5-19
2020-04-06,Graves,0.0,5-19
2020-04-07,Graves,0.0,5-19
2020-04-08,Graves,0.0,5-19
2020-04-09,Graves,0.0,5-19
2020-04-10,Graves,0.0,5-19
2020-04-11,Graves,0.0,5-19
2020-04-12,Graves,0.0,5-19
2020-04-13,Graves,0.0,5-19
2020-04-14,Graves,0.0,5-19
2020-04-15,Graves,0.0,5-19
2020-04-16,Graves,0.0,5-19
2020-04-17,Graves,0.0,5-19
2020-04-18,Graves,0.0,5-19
2020-04-19,Graves,0.0,5-19
2020-04-20,Graves,0.0,5-19
2020-04-21,Graves,0.0,5-19
2020-04-22,Graves,0.0,5-19
2020-04-23,Graves,0.0,5-19
2020-04-24,Graves,0.0,5-19
2020-04-25,Graves,0.0,5-19
2020-04-26,Graves,0.0,5-19
2020-04-27,Graves,0.0,5-19
2020-04-28,Graves,0.0,5-19
2020-04-29,Graves,0.0,5-19
2020-04-30,Graves,0.0,5-19
2020-05-01,Graves,0.0,5-19
2020-05-02,Graves,0.0,5-19
2020-05-03,Graves,0.0,5-19
2020-05-04,Graves,0.0,5-19
2020-05-05,Graves,0.0,5-19
2020-05-06,Graves,0.0,5-19
2020-05-07,Graves,0.0,5-19
2020-05-08,Graves,0.0,5-19
2020-05-09,Graves,0.0,5-19
2020-05-10,Graves,0.0,5-19
2020-05-11,Graves,0.0,5-19
2020-05-12,Graves,0.0,5-19
2020-05-13,Graves,0.0,5-19
2020-05-14,Graves,0.0,5-19
2020-05-15,Graves,0.0,5-19
2020-05-16,Graves,0.0,5-19
2020-05-17,Graves,0.0,5-19
2020-05-18,Graves,0.0,5-19
2020-05-19,Graves,0.00010706638115631691,5-19
2020-05-20,Graves,0.00010706638115631691,5-19
2020-05-21,Graves,0.00010706638115631691,5-19
2020-05-22,Graves,0.00010706638115631691,5-19
2020-05-23,Graves,0.00010706638115631691,5-19
2020-05-24,Graves,0.00010706638115631691,5-19
2020-05-25,Graves,0.00010706638115631691,5-19
2020-05-26,Graves,0.00010706638115631691,5-19
2020-05-27,Graves,0.00010706638115631691,5-19
2020-05-28,Graves,0.00010706638115631691,5-19
2020-05-29,Graves,0.00010706638115631691,5-19
2020-05-30,Graves,0.00010706638115631691,5-19
2020-05-31,Graves,0.00010706638115631691,5-19
2020-06-01,Graves,0.00010706638115631691,5-19
2020-06-02,Graves,0.00010706638115631691,5-19
2020-06-03,Graves,0.00010706638115631691,5-19
2020-06-04,Graves,0.00010706638115631691,5-19
2020-06-05,Graves,0.00010706638115631691,5-19
2020-06-06,Graves,0.00010706638115631691,5-19
2020-06-07,Graves,0.00010706638115631691,5-19
2020-06-08,Graves,0.0,5-19
2020-06-09,Graves,0.0,5-19
2020-06-10,Graves,0.0,5-19
2020-06-11,Graves,0.0,5-19
2020-06-12,Graves,0.0,5-19
2020-06-13,Graves,0.0,5-19
2020-06-14,Graves,0.0,5-19
2020-06-15,Graves,0.0,5-19
2020-06-16,Graves,0.0,5-19
2020-06-17,Graves,0.0,5-19
2020-06-18,Graves,0.0,5-19
2020-06-19,Graves,0.0,5-19
2020-06-20,Graves,0.0,5-19
2020-06-21,Graves,0.0,5-19
2020-06-22,Graves,0.0,5-19
2020-06-23,Graves,0.0,5-19
2020-06-24,Graves,0.0,5-19
2020-06-25,Graves,0.0,5-19
2020-06-26,Graves,0.0,5-19
2020-06-27,Graves,0.0,5-19
2020-06-28,Graves,0.0,5-19
2020-06-29,Graves,0.0,5-19
2020-06-30,Graves,0.0,5-19
2020-07-01,Graves,0.0,5-19
2020-07-02,Graves,0.0,5-19
2020-07-03,Graves,0.0,5-19
2020-07-04,Graves,0.0,5-19
2020-07-05,Graves,0.0,5-19
2020-07-06,Graves,0.0,5-19
2020-07-07,Graves,0.0,5-19
2020-07-08,Graves,0.0,5-19
2020-07-09,Graves,0.0,5-19
2020-07-10,Graves,0.0,5-19
2020-07-11,Graves,0.0,5-19
2020-07-12,Graves,0.0,5-19
2020-07-13,Graves,0.0,5-19
2020-07-14,Graves,0.0,5-19
2020-07-15,Graves,0.0,5-19
2020-07-16,Graves,0.0,5-19
2020-07-17,Graves,0.0,5-19
2020-07-18,Graves,0.0,5-19
2020-07-19,Graves,0.0,5-19
2020-07-20,Graves,0.0,5-19
2020-07-21,Graves,0.0,5-19
2020-07-22,Graves,0.0,5-19
2020-07-23,Graves,0.0,5-19
2020-07-24,Graves,0.0,5-19
2020-07-25,Graves,0.0,5-19
2020-07-26,Graves,0.0,5-19
2020-07-27,Graves,0.0,5-19
2020-07-28,Graves,0.0,5-19
2020-07-29,Graves,0.0,5-19
2020-07-30,Graves,0.0,5-19
2020-07-31,Graves,0.0,5-19
2020-08-01,Graves,0.0,5-19
2020-08-02,Graves,0.0,5-19
2020-03-06,Críticos,0.0,5-19
2020-03-07,Críticos,0.0,5-19
2020-03-08,Críticos,0.0,5-19
2020-03-09,Críticos,0.0,5-19
2020-03-10,Críticos,0.0,5-19
2020-03-11,Críticos,0.0,5-19
2020-03-12,Críticos,0.0,5-19
2020-03-13,Críticos,0.0,5-19
2020-03-14,Críticos,0.0,5-19
2020-03-15,Críticos,0.0,5-19
2020-03-16,Críticos,0.0,5-19
2020-03-17,Críticos,0.0,5-19
2020-03-18,Críticos,0.0,5-19
2020-03-19,Críticos,0.0,5-19
2020-03-20,Críticos,0.0,5-19
2020-03-21,Críticos,0.0,5-19
2020-03-22,Críticos,0.0,5-19
2020-03-23,Críticos,0.0,5-19
2020-03-24,Críticos,0.0,5-19
2020-03-25,Críticos,0.0,5-19
2020-03-26,Críticos,0.0,5-19
2020-03-27,Críticos,0.0,5-19
2020-03-28,Críticos,0.0,5-19
2020-03-29,Críticos,0.0,5-19
2020-03-30,Críticos,0.0,5-19
2020-03-31,Críticos,0.0,5-19
2020-04-01,Críticos,0.0,5-19
2020-04-02,Críticos,0.0,5-19
2020-04-03,Críticos,0.0,5-19
2020-04-04,Críticos,0.0,5-19
2020-04-05,Críticos,0.0,5-19
2020-04-06,Críticos,0.0,5-19
2020-04-07,Críticos,0.0,5-19
2020-04-08,Críticos,0.0,5-19
2020-04-09,Críticos,0.0,5-19
2020-04-10,Críticos,0.0,5-19
2020-04-11,Críticos,0.0,5-19
2020-04-12,Críticos,0.0,5-19
2020-04-13,Críticos,0.0,5-19
2020-04-14,Críticos,0.0,5-19
2020-04-15,Críticos,0.0,5-19
2020-04-16,Críticos,0.0,5-19
2020-04-17,Críticos,0.0,5-19
2020-04-18,Críticos,0.0,5-19
2020-04-19,Críticos,0.0,5-19
2020-04-20,Críticos,0.0,5-19
2020-04-21,Críticos,0.0,5-19
2020-04-22,Críticos,0.0,5-19
2020-04-23,Críticos,0.0,5-19
2020-04-24,Críticos,0.0,5-19
2020-04-25,Críticos,0.0,5-19
2020-04-26,Críticos,0.0,5-19
2020-04-27,Críticos,0.0,5-19
2020-04-28,Críticos,0.0,5-19
2020-04-29,Críticos,0.0,5-19
2020-04-30,Críticos,0.0,5-19
2020-05-01,Críticos,0.0,5-19
2020-05-02,Críticos,0.0,5-19
2020-05-03,Críticos,0.0,5-19
2020-05-04,Críticos,0.0,5-19
2020-05-05,Críticos,0.0,5-19
2020-05-06,Críticos,0.0,5-19
2020-05-07,Críticos,0.0,5-19
2020-05-08,Críticos,0.0,5-19
2020-05-09,Críticos,0.0,5-19
2020-05-10,Críticos,0.0,5-19
2020-05-11,Críticos,0.0,5-19
2020-05-12,Críticos,0.0,5-19
2020-05-13,Críticos,0.0,5-19
2020-05-14,Críticos,0.0,5-19
2020-05-15,Críticos,0.0,5-19
2020-05-16,Críticos,0.0,5-19
2020-05-17,Críticos,0.0,5-19
2020-05-18,Críticos,0.0,5-19
2020-05-19,Críticos,0.0,5-19
2020-05-20,Críticos,0.0,5-19
2020-05-21,Críticos,0.0,5-19
2020-05-22,Críticos,0.0,5-19
2020-05-23,Críticos,0.0,5-19
2020-05-24,Críticos,0.0,5-19
2020-05-25,Críticos,0.0,5-19
2020-05-26,Críticos,0.0,5-19
2020-05-27,Críticos,0.0,5-19
2020-05-28,Críticos,0.0,5-19
2020-05-29,Críticos,0.0,5-19
2020-05-30,Críticos,0.0,5-19
2020-05-31,Críticos,0.0,5-19
2020-06-01,Críticos,0.0,5-19
2020-06-02,Críticos,0.0,5-19
2020-06-03,Críticos,0.0,5-19
2020-06-04,Críticos,0.0,5-19
2020-06-05,Críticos,0.0,5-19
2020-06-06,Críticos,0.0,5-19
2020-06-07,Críticos,0.0,5-19
2020-06-08,Críticos,0.0,5-19
2020-06-09,Críticos,0.0,5-19
2020-06-10,Críticos,0.0,5-19
2020-06-11,Críticos,0.0,5-19
2020-06-12,Críticos,0.0,5-19
2020-06-13,Críticos,0.0,5-19
2020-06-14,Críticos,0.0,5-19
2020-06-15,Críticos,0.0,5-19
2020-06-16,Críticos,0.0,5-19
2020-06-17,Críticos,0.0,5-19
2020-06-18,Críticos,0.0,5-19
2020-06-19,Críticos,0.0,5-19
2020-06-20,Críticos,0.0,5-19
2020-06-21,Críticos,0.0,5-19
2020-06-22,Críticos,0.0,5-19
2020-06-23,Críticos,0.0,5-19
2020-06-24,Críticos,0.0,5-19
2020-06-25,Críticos,0.0,5-19
2020-06-26,Críticos,0.0,5-19
2020-06-27,Críticos,0.0,5-19
2020-06-28,Críticos,0.0,5-19
2020-06-29,Críticos,0.0,5-19
2020-06-30,Críticos,0.0,5-19
2020-07-01,Críticos,0.0,5-19
2020-07-02,Críticos,0.0,5-19
2020-07-03,Críticos,0.0,5-19
2020-07-04,Críticos,0.0,5-19
2020-07-05,Críticos,0.0,5-19
2020-07-06,Críticos,0.0,5-19
2020-07-07,Críticos,0.0,5-19
2020-07-08,Críticos,0.0,5-19
2020-07-09,Críticos,0.0,5-19
2020-07-10,Críticos,0.0,5-19
2020-07-11,Críticos,0.0,5-19
2020-07-12,Críticos,0.0,5-19
2020-07-13,Críticos,0.0,5-19
2020-07-14,Críticos,0.0,5-19
2020-07-15,Críticos,0.0,5-19
2020-07-16,Críticos,0.0,5-19
2020-07-17,Críticos,0.0,5-19
2020-07-18,Críticos,0.0,5-19
2020-07-19,Críticos,0.0,5-19
2020-07-20,Críticos,0.0,5-19
2020-07-21,Críticos,0.0,5-19
2020-07-22,Críticos,0.0,5-19
2020-07-23,Críticos,0.0,5-19
2020-07-24,Críticos,0.0,5-19
2020-07-25,Críticos,0.0,5-19
2020-07-26,Críticos,0.0,5-19
2020-07-27,Críticos,0.0,5-19
2020-07-28,Críticos,0.0,5-19
2020-07-29,Críticos,0.0,5-19
2020-07-30,Críticos,0.0,5-19
2020-07-31,Críticos,0.0,5-19
2020-08-01,Críticos,0.0,5-19
2020-08-02,Críticos,0.0,5-19
2020-03-06,Fallecidos,0.0,5-19
2020-03-07,Fallecidos,0.0,5-19
2020-03-08,Fallecidos,0.0,5-19
2020-03-09,Fallecidos,0.0,5-19
2020-03-10,Fallecidos,0.0,5-19
2020-03-11,Fallecidos,0.0,5-19
2020-03-12,Fallecidos,0.0,5-19
2020-03-13,Fallecidos,0.0,5-19
2020-03-14,Fallecidos,0.0,5-19
2020-03-15,Fallecidos,0.0,5-19
2020-03-16,Fallecidos,0.0,5-19
2020-03-17,Fallecidos,0.0,5-19
2020-03-18,Fallecidos,0.0,5-19
2020-03-19,Fallecidos,0.0,5-19
2020-03-20,Fallecidos,0.0,5-19
2020-03-21,Fallecidos,0.0,5-19
2020-03-22,Fallecidos,0.0,5-19
2020-03-23,Fallecidos,0.0,5-19
2020-03-24,Fallecidos,0.0,5-19
2020-03-25,Fallecidos,0.0,5-19
2020-03-26,Fallecidos,0.0,5-19
2020-03-27,Fallecidos,0.0,5-19
2020-03-28,Fallecidos,0.0,5-19
2020-03-29,Fallecidos,0.0,5-19
2020-03-30,Fallecidos,0.0,5-19
2020-03-31,Fallecidos,0.0,5-19
2020-04-01,Fallecidos,0.0,5-19
2020-04-02,Fallecidos,0.0,5-19
2020-04-03,Fallecidos,0.0,5-19
2020-04-04,Fallecidos,0.0,5-19
2020-04-05,Fallecidos,0.0,5-19
2020-04-06,Fallecidos,0.0,5-19
2020-04-07,Fallecidos,0.0,5-19
2020-04-08,Fallecidos,0.0,5-19
2020-04-09,Fallecidos,0.0,5-19
2020-04-10,Fallecidos,0.0,5-19
2020-04-11,Fallecidos,0.0,5-19
2020-04-12,Fallecidos,0.0,5-19
2020-04-13,Fallecidos,0.0,5-19
2020-04-14,Fallecidos,0.0,5-19
2020-04-15,Fallecidos,0.0,5-19
2020-04-16,Fallecidos,0.0,5-19
2020-04-17,Fallecidos,0.0,5-19
2020-04-18,Fallecidos,0.0,5-19
2020-04-19,Fallecidos,0.0,5-19
2020-04-20,Fallecidos,0.0,5-19
2020-04-21,Fallecidos,0.0,5-19
2020-04-22,Fallecidos,0.0,5-19
2020-04-23,Fallecidos,0.0,5-19
2020-04-24,Fallecidos,0.0,5-19
2020-04-25,Fallecidos,0.0,5-19
2020-04-26,Fallecidos,0.0,5-19
2020-04-27,Fallecidos,0.0,5-19
2020-04-28,Fallecidos,0.0,5-19
2020-04-29,Fallecidos,0.0,5-19
2020-04-30,Fallecidos,0.0,5-19
2020-05-01,Fallecidos,0.0,5-19
2020-05-02,Fallecidos,0.0,5-19
2020-05-03,Fallecidos,0.0,5-19
2020-05-04,Fallecidos,0.0,5-19
2020-05-05,Fallecidos,0.0,5-19
2020-05-06,Fallecidos,0.0,5-19
2020-05-07,Fallecidos,0.0,5-19
2020-05-08,Fallecidos,0.0,5-19
2020-05-09,Fallecidos,0.0,5-19
2020-05-10,Fallecidos,0.0,5-19
2020-05-11,Fallecidos,0.0,5-19
2020-05-12,Fallecidos,0.0,5-19
2020-05-13,Fallecidos,0.0,5-19
2020-05-14,Fallecidos,0.0,5-19
2020-05-15,Fallecidos,0.0,5-19
2020-05-16,Fallecidos,0.0,5-19
2020-05-17,Fallecidos,0.0,5-19
2020-05-18,Fallecidos,0.0,5-19
2020-05-19,Fallecidos,0.0,5-19
2020-05-20,Fallecidos,0.0,5-19
2020-05-21,Fallecidos,0.0,5-19
2020-05-22,Fallecidos,0.0,5-19
2020-05-23,Fallecidos,0.0,5-19
2020-05-24,Fallecidos,0.0,5-19
2020-05-25,Fallecidos,0.0,5-19
2020-05-26,Fallecidos,0.0,5-19
2020-05-27,Fallecidos,0.0,5-19
2020-05-28,Fallecidos,0.0,5-19
2020-05-29,Fallecidos,0.0,5-19
2020-05-30,Fallecidos,0.0,5-19
2020-05-31,Fallecidos,0.0,5-19
2020-06-01,Fallecidos,0.0,5-19
2020-06-02,Fallecidos,0.0,5-19
2020-06-03,Fallecidos,0.0,5-19
2020-06-04,Fallecidos,0.0,5-19
2020-06-05,Fallecidos,0.0,5-19
2020-06-06,Fallecidos,0.0,5-19
2020-06-07,Fallecidos,0.0,5-19
2020-06-08,Fallecidos,0.0,5-19
2020-06-09,Fallecidos,0.0,5-19
2020-06-10,Fallecidos,0.0,5-19
2020-06-11,Fallecidos,0.0,5-19
2020-06-12,Fallecidos,0.0,5-19
2020-06-13,Fallecidos,0.0,5-19
2020-06-14,Fallecidos,0.0,5-19
2020-06-15,Fallecidos,0.0,5-19
2020-06-16,Fallecidos,0.0,5-19
2020-06-17,Fallecidos,0.0,5-19
2020-06-18,Fallecidos,0.0,5-19
2020-06-19,Fallecidos,0.0,5-19
2020-06-20,Fallecidos,0.0,5-19
2020-06-21,Fallecidos,0.0,5-19
2020-06-22,Fallecidos,0.0,5-19
2020-06-23,Fallecidos,0.0,5-19
2020-06-24,Fallecidos,0.0,5-19
2020-06-25,Fallecidos,0.0,5-19
2020-06-26,Fallecidos,0.0,5-19
2020-06-27,Fallecidos,0.0,5-19
2020-06-28,Fallecidos,0.0,5-19
2020-06-29,Fallecidos,0.0,5-19
2020-06-30,Fallecidos,0.0,5-19
2020-07-01,Fallecidos,0.0,5-19
2020-07-02,Fallecidos,0.0,5-19
2020-07-03,Fallecidos,0.0,5-19
2020-07-04,Fallecidos,0.0,5-19
2020-07-05,Fallecidos,0.0,5-19
2020-07-06,Fallecidos,0.0,5-19
2020-07-07,Fallecidos,0.0,5-19
2020-07-08,Fallecidos,0.0,5-19
2020-07-09,Fallecidos,0.0,5-19
2020-07-10,Fallecidos,0.0,5-19
2020-07-11,Fallecidos,0.0,5-19
2020-07-12,Fallecidos,0.0,5-19
2020-07-13,Fallecidos,0.0,5-19
2020-07-14,Fallecidos,0.0,5-19
2020-07-15,Fallecidos,0.0,5-19
2020-07-16,Fallecidos,0.0,5-19
2020-07-17,Fallecidos,0.0,5-19
2020-07-18,Fallecidos,0.0,5-19
2020-07-19,Fallecidos,0.0,5-19
2020-07-20,Fallecidos,0.0,5-19
2020-07-21,Fallecidos,0.0,5-19
2020-07-22,Fallecidos,0.0,5-19
2020-07-23,Fallecidos,0.0,5-19
2020-07-24,Fallecidos,0.0,5-19
2020-07-25,Fallecidos,0.0,5-19
2020-07-26,Fallecidos,0.0,5-19
2020-07-27,Fallecidos,0.0,5-19
2020-07-28,Fallecidos,0.0,5-19
2020-07-29,Fallecidos,0.0,5-19
2020-07-30,Fallecidos,0.0,5-19
2020-07-31,Fallecidos,0.0,5-19
2020-08-01,Fallecidos,0.0,5-19
2020-08-02,Fallecidos,0.0,5-19
2020-03-06,Graves,0.0,20-39
2020-03-07,Graves,0.0,20-39
2020-03-08,Graves,0.0,20-39
2020-03-09,Graves,0.0,20-39
2020-03-10,Graves,0.0,20-39
2020-03-11,Graves,0.0,20-39
2020-03-12,Graves,0.0,20-39
2020-03-13,Graves,6.192333890643384e-05,20-39
2020-03-14,Graves,6.192333890643384e-05,20-39
2020-03-15,Graves,6.192333890643384e-05,20-39
2020-03-16,Graves,6.192333890643384e-05,20-39
2020-03-17,Graves,6.192333890643384e-05,20-39
2020-03-18,Graves,6.192333890643384e-05,20-39
2020-03-19,Graves,6.192333890643384e-05,20-39
2020-03-20,Graves,6.192333890643384e-05,20-39
2020-03-21,Graves,6.192333890643384e-05,20-39
2020-03-22,Graves,6.192333890643384e-05,20-39
2020-03-23,Graves,6.192333890643384e-05,20-39
2020-03-24,Graves,6.192333890643384e-05,20-39
2020-03-25,Graves,0.00012384667781286768,20-39
2020-03-26,Graves,0.0001857700167193015,20-39
2020-03-27,Graves,0.0001857700167193015,20-39
2020-03-28,Graves,0.0001857700167193015,20-39
2020-03-29,Graves,0.0001857700167193015,20-39
2020-03-30,Graves,0.00024769335562573535,20-39
2020-03-31,Graves,0.00024769335562573535,20-39
2020-04-01,Graves,0.00024769335562573535,20-39
2020-04-02,Graves,0.000371540033438603,20-39
2020-04-03,Graves,0.000371540033438603,20-39
2020-04-04,Graves,0.000371540033438603,20-39
2020-04-05,Graves,0.00043346337234503684,20-39
2020-04-06,Graves,0.00043346337234503684,20-39
2020-04-07,Graves,0.00043346337234503684,20-39
2020-04-08,Graves,0.0004953867112514707,20-39
2020-04-09,Graves,0.0004953867112514707,20-39
2020-04-10,Graves,0.0004953867112514707,20-39
2020-04-11,Graves,0.0005573100501579045,20-39
2020-04-12,Graves,0.0006192333890643383,20-39
2020-04-13,Graves,0.0006192333890643383,20-39
2020-04-14,Graves,0.0006192333890643383,20-39
2020-04-15,Graves,0.0005573100501579045,20-39
2020-04-16,Graves,0.0005573100501579045,20-39
2020-04-17,Graves,0.0006192333890643383,20-39
2020-04-18,Graves,0.0006811567279707721,20-39
2020-04-19,Graves,0.0008050034057836399,20-39
2020-04-20,Graves,0.0008050034057836399,20-39
2020-04-21,Graves,0.0008050034057836399,20-39
2020-04-22,Graves,0.0008669267446900737,20-39
2020-04-23,Graves,0.0009288500835965075,20-39
2020-04-24,Graves,0.0008050034057836399,20-39
2020-04-25,Graves,0.0008669267446900737,20-39
2020-04-26,Graves,0.0009288500835965075,20-39
2020-04-27,Graves,0.0009288500835965075,20-39
2020-04-28,Graves,0.0009288500835965075,20-39
2020-04-29,Graves,0.0008669267446900737,20-39
2020-04-30,Graves,0.0008050034057836399,20-39
2020-05-01,Graves,0.000743080066877206,20-39
2020-05-02,Graves,0.000743080066877206,20-39
2020-05-03,Graves,0.0008050034057836399,20-39
2020-05-04,Graves,0.0006192333890643383,20-39
2020-05-05,Graves,0.0004953867112514707,20-39
2020-05-06,Graves,0.00043346337234503684,20-39
2020-05-07,Graves,0.0004953867112514707,20-39
2020-05-08,Graves,0.0004953867112514707,20-39
2020-05-09,Graves,0.0004953867112514707,20-39
2020-05-10,Graves,0.0004953867112514707,20-39
2020-05-11,Graves,0.00043346337234503684,20-39
2020-05-12,Graves,0.0004953867112514707,20-39
2020-05-13,Graves,0.0004953867112514707,20-39
2020-05-14,Graves,0.0005573100501579045,20-39
2020-05-15,Graves,0.00043346337234503684,20-39
2020-05-16,Graves,0.000371540033438603,20-39
2020-05-17,Graves,0.00043346337234503684,20-39
2020-05-18,Graves,0.00043346337234503684,20-39
2020-05-19,Graves,0.00043346337234503684,20-39
2020-05-20,Graves,0.00043346337234503684,20-39
2020-05-21,Graves,0.000371540033438603,20-39
2020-05-22,Graves,0.00030961669453216916,20-39
2020-05-23,Graves,0.0001857700167193015,20-39
2020-05-24,Graves,0.0001857700167193015,20-39
2020-05-25,Graves,0.0001857700167193015,20-39
2020-05-26,Graves,0.0001857700167193015,20-39
2020-05-27,Graves,0.0001857700167193015,20-39
2020-05-28,Graves,0.0001857700167193015,20-39
2020-05-29,Graves,0.00012384667781286768,20-39
2020-05-30,Graves,0.00012384667781286768,20-39
2020-05-31,Graves,0.00012384667781286768,20-39
2020-06-01,Graves,0.00012384667781286768,20-39
2020-06-02,Graves,0.00012384667781286768,20-39
2020-06-03,Graves,0.0001857700167193015,20-39
2020-06-04,Graves,0.00012384667781286768,20-39
2020-06-05,Graves,0.00012384667781286768,20-39
2020-06-06,Graves,6.192333890643384e-05,20-39
2020-06-07,Graves,6.192333890643384e-05,20-39
2020-06-08,Graves,6.192333890643384e-05,20-39
2020-06-09,Graves,6.192333890643384e-05,20-39
2020-06-10,Graves,6.192333890643384e-05,20-39
2020-06-11,Graves,6.192333890643384e-05,20-39
2020-06-12,Graves,6.192333890643384e-05,20-39
2020-06-13,Graves,6.192333890643384e-05,20-39
2020-06-14,Graves,6.192333890643384e-05,20-39
2020-06-15,Graves,0.00012384667781286768,20-39
2020-06-16,Graves,0.00012384667781286768,20-39
2020-06-17,Graves,0.00012384667781286768,20-39
2020-06-18,Graves,0.00012384667781286768,20-39
2020-06-19,Graves,0.0001857700167193015,20-39
2020-06-20,Graves,0.0001857700167193015,20-39
2020-06-21,Graves,0.0001857700167193015,20-39
2020-06-22,Graves,0.000371540033438603,20-39
2020-06-23,Graves,0.00043346337234503684,20-39
2020-06-24,Graves,0.0004953867112514707,20-39
2020-06-25,Graves,0.0005573100501579045,20-39
2020-06-26,Graves,0.0006192333890643383,20-39
2020-06-27,Graves,0.0006811567279707721,20-39
2020-06-28,Graves,0.0006811567279707721,20-39
2020-06-29,Graves,0.0008050034057836399,20-39
2020-06-30,Graves,0.0008669267446900737,20-39
2020-07-01,Graves,0.0009288500835965075,20-39
2020-07-02,Graves,0.0009907734225029414,20-39
2020-07-03,Graves,0.001114620100315809,20-39
2020-07-04,Graves,0.0012384667781286766,20-39
2020-07-05,Graves,0.0013623134559415443,20-39
2020-07-06,Graves,0.0014242367948479782,20-39
2020-07-07,Graves,0.0014242367948479782,20-39
2020-07-08,Graves,0.001486160133754412,20-39
2020-07-09,Graves,0.0016100068115672797,20-39
2020-07-10,Graves,0.0017338534893801473,20-39
2020-07-11,Graves,0.0017338534893801473,20-39
2020-07-12,Graves,0.0019196235060994489,20-39
2020-07-13,Graves,0.0017957768282865813,20-39
2020-07-14,Graves,0.001857700167193015,20-39
2020-07-15,Graves,0.001857700167193015,20-39
2020-07-16,Graves,0.0016100068115672797,20-39
2020-07-17,Graves,0.0015480834726608458,20-39
2020-07-18,Graves,0.0015480834726608458,20-39
2020-07-19,Graves,0.0015480834726608458,20-39
2020-07-20,Graves,0.0014242367948479782,20-39
2020-07-21,Graves,0.0014242367948479782,20-39
2020-07-22,Graves,0.0014242367948479782,20-39
2020-07-23,Graves,0.001486160133754412,20-39
2020-07-24,Graves,0.0016100068115672797,20-39
2020-07-25,Graves,0.001486160133754412,20-39
2020-07-26,Graves,0.0016100068115672797,20-39
2020-07-27,Graves,0.0017338534893801473,20-39
2020-07-28,Graves,0.0015480834726608458,20-39
2020-07-29,Graves,0.0015480834726608458,20-39
2020-07-30,Graves,0.0015480834726608458,20-39
2020-07-31,Graves,0.0014242367948479782,20-39
2020-08-01,Graves,0.0013003901170351106,20-39
2020-08-02,Graves,0.0013003901170351106,20-39
2020-03-06,Críticos,0.0,20-39
2020-03-07,Críticos,0.0,20-39
2020-03-08,Críticos,0.0,20-39
2020-03-09,Críticos,0.0,20-39
2020-03-10,Críticos,0.0,20-39
2020-03-11,Críticos,0.0,20-39
2020-03-12,Críticos,0.0,20-39
2020-03-13,Críticos,0.0,20-39
2020-03-14,Críticos,0.0,20-39
2020-03-15,Críticos,0.0,20-39
2020-03-16,Críticos,0.0,20-39
2020-03-17,Críticos,0.0,20-39
2020-03-18,Críticos,0.0,20-39
2020-03-19,Críticos,0.0,20-39
2020-03-20,Críticos,0.0,20-39
2020-03-21,Críticos,0.0,20-39
2020-03-22,Críticos,0.0,20-39
2020-03-23,Críticos,0.0,20-39
2020-03-24,Críticos,0.0,20-39
2020-03-25,Críticos,0.0,20-39
2020-03-26,Críticos,0.0,20-39
2020-03-27,Críticos,0.0,20-39
2020-03-28,Críticos,0.0,20-39
2020-03-29,Críticos,0.0,20-39
2020-03-30,Críticos,0.0,20-39
2020-03-31,Críticos,0.0,20-39
2020-04-01,Críticos,0.0,20-39
2020-04-02,Críticos,0.0,20-39
2020-04-03,Críticos,0.0,20-39
2020-04-04,Críticos,0.0,20-39
2020-04-05,Críticos,0.0,20-39
2020-04-06,Críticos,0.0,20-39
2020-04-07,Críticos,0.0,20-39
2020-04-08,Críticos,0.0,20-39
2020-04-09,Críticos,0.0,20-39
2020-04-10,Críticos,0.0,20-39
2020-04-11,Críticos,0.0,20-39
2020-04-12,Críticos,0.0,20-39
2020-04-13,Críticos,0.0,20-39
2020-04-14,Críticos,0.0,20-39
2020-04-15,Críticos,0.0,20-39
2020-04-16,Críticos,0.0,20-39
2020-04-17,Críticos,0.0,20-39
2020-04-18,Críticos,0.0,20-39
2020-04-19,Críticos,0.0,20-39
2020-04-20,Críticos,0.0,20-39
2020-04-21,Críticos,0.0,20-39
2020-04-22,Críticos,0.0,20-39
2020-04-23,Críticos,0.0,20-39
2020-04-24,Críticos,0.0,20-39
2020-04-25,Críticos,0.0,20-39
2020-04-26,Críticos,0.0,20-39
2020-04-27,Críticos,0.0,20-39
2020-04-28,Críticos,0.0,20-39
2020-04-29,Críticos,0.0,20-39
2020-04-30,Críticos,0.0,20-39
2020-05-01,Críticos,0.0,20-39
2020-05-02,Críticos,0.0,20-39
2020-05-03,Críticos,0.0,20-39
2020-05-04,Críticos,6.192333890643384e-05,20-39
2020-05-05,Críticos,6.192333890643384e-05,20-39
2020-05-06,Críticos,6.192333890643384e-05,20-39
2020-05-07,Críticos,6.192333890643384e-05,20-39
2020-05-08,Críticos,6.192333890643384e-05,20-39
2020-05-09,Críticos,6.192333890643384e-05,20-39
2020-05-10,Críticos,6.192333890643384e-05,20-39
2020-05-11,Críticos,6.192333890643384e-05,20-39
2020-05-12,Críticos,6.192333890643384e-05,20-39
2020-05-13,Críticos,6.192333890643384e-05,20-39
2020-05-14,Críticos,6.192333890643384e-05,20-39
2020-05-15,Críticos,6.192333890643384e-05,20-39
2020-05-16,Críticos,6.192333890643384e-05,20-39
2020-05-17,Críticos,6.192333890643384e-05,20-39
2020-05-18,Críticos,6.192333890643384e-05,20-39
2020-05-19,Críticos,6.192333890643384e-05,20-39
2020-05-20,Críticos,6.192333890643384e-05,20-39
2020-05-21,Críticos,6.192333890643384e-05,20-39
2020-05-22,Críticos,0.00012384667781286768,20-39
2020-05-23,Críticos,0.00012384667781286768,20-39
2020-05-24,Críticos,6.192333890643384e-05,20-39
2020-05-25,Críticos,6.192333890643384e-05,20-39
2020-05-26,Críticos,6.192333890643384e-05,20-39
2020-05-27,Críticos,6.192333890643384e-05,20-39
2020-05-28,Críticos,6.192333890643384e-05,20-39
2020-05-29,Críticos,6.192333890643384e-05,20-39
2020-05-30,Críticos,6.192333890643384e-05,20-39
2020-05-31,Críticos,6.192333890643384e-05,20-39
2020-06-01,Críticos,6.192333890643384e-05,20-39
2020-06-02,Críticos,6.192333890643384e-05,20-39
2020-06-03,Críticos,6.192333890643384e-05,20-39
2020-06-04,Críticos,6.192333890643384e-05,20-39
2020-06-05,Críticos,6.192333890643384e-05,20-39
2020-06-06,Críticos,6.192333890643384e-05,20-39
2020-06-07,Críticos,6.192333890643384e-05,20-39
2020-06-08,Críticos,6.192333890643384e-05,20-39
2020-06-09,Críticos,6.192333890643384e-05,20-39
2020-06-10,Críticos,6.192333890643384e-05,20-39
2020-06-11,Críticos,0.0,20-39
2020-06-12,Críticos,0.0,20-39
2020-06-13,Críticos,0.0,20-39
2020-06-14,Críticos,0.0,20-39
2020-06-15,Críticos,0.0,20-39
2020-06-16,Críticos,0.0,20-39
2020-06-17,Críticos,0.0,20-39
2020-06-18,Críticos,0.0,20-39
2020-06-19,Críticos,0.0,20-39
2020-06-20,Críticos,0.0,20-39
2020-06-21,Críticos,0.0,20-39
2020-06-22,Críticos,0.0,20-39
2020-06-23,Críticos,0.0,20-39
2020-06-24,Críticos,0.0,20-39
2020-06-25,Críticos,0.0,20-39
2020-06-26,Críticos,0.0,20-39
2020-06-27,Críticos,0.0,20-39
2020-06-28,Críticos,0.0,20-39
2020-06-29,Críticos,0.0,20-39
2020-06-30,Críticos,0.0,20-39
2020-07-01,Críticos,0.0,20-39
2020-07-02,Críticos,0.0,20-39
2020-07-03,Críticos,0.0,20-39
2020-07-04,Críticos,0.0,20-39
2020-07-05,Críticos,0.0,20-39
2020-07-06,Críticos,0.0,20-39
2020-07-07,Críticos,0.0,20-39
2020-07-08,Críticos,0.0,20-39
2020-07-09,Críticos,0.0,20-39
2020-07-10,Críticos,6.192333890643384e-05,20-39
2020-07-11,Críticos,6.192333890643384e-05,20-39
2020-07-12,Críticos,6.192333890643384e-05,20-39
2020-07-13,Críticos,6.192333890643384e-05,20-39
2020-07-14,Críticos,6.192333890643384e-05,20-39
2020-07-15,Críticos,0.00012384667781286768,20-39
2020-07-16,Críticos,0.00012384667781286768,20-39
2020-07-17,Críticos,0.00012384667781286768,20-39
2020-07-18,Críticos,0.00012384667781286768,20-39
2020-07-19,Críticos,0.00012384667781286768,20-39
2020-07-20,Críticos,0.00012384667781286768,20-39
2020-07-21,Críticos,0.00012384667781286768,20-39
2020-07-22,Críticos,0.00012384667781286768,20-39
2020-07-23,Críticos,0.0001857700167193015,20-39
2020-07-24,Críticos,0.0001857700167193015,20-39
2020-07-25,Críticos,0.0001857700167193015,20-39
2020-07-26,Críticos,0.0001857700167193015,20-39
2020-07-27,Críticos,0.00012384667781286768,20-39
2020-07-28,Críticos,0.0001857700167193015,20-39
2020-07-29,Críticos,0.0001857700167193015,20-39
2020-07-30,Críticos,0.0001857700167193015,20-39
2020-07-31,Críticos,0.0001857700167193015,20-39
2020-08-01,Críticos,0.0001857700167193015,20-39
2020-08-02,Críticos,0.0001857700167193015,20-39
2020-03-06,Fallecidos,0.0,20-39
2020-03-07,Fallecidos,0.0,20-39
2020-03-08,Fallecidos,0.0,20-39
2020-03-09,Fallecidos,0.0,20-39
2020-03-10,Fallecidos,0.0,20-39
2020-03-11,Fallecidos,0.0,20-39
2020-03-12,Fallecidos,0.0,20-39
2020-03-13,Fallecidos,0.0,20-39
2020-03-14,Fallecidos,0.0,20-39
2020-03-15,Fallecidos,0.0,20-39
2020-03-16,Fallecidos,0.0,20-39
2020-03-17,Fallecidos,0.0,20-39
2020-03-18,Fallecidos,0.0,20-39
2020-03-19,Fallecidos,0.0,20-39
2020-03-20,Fallecidos,0.0,20-39
2020-03-21,Fallecidos,0.0,20-39
2020-03-22,Fallecidos,0.0,20-39
2020-03-23,Fallecidos,0.0,20-39
2020-03-24,Fallecidos,0.0,20-39
2020-03-25,Fallecidos,0.0,20-39
2020-03-26,Fallecidos,0.0,20-39
2020-03-27,Fallecidos,0.0,20-39
2020-03-28,Fallecidos,0.0,20-39
2020-03-29,Fallecidos,0.0,20-39
2020-03-30,Fallecidos,0.0,20-39
2020-03-31,Fallecidos,0.0,20-39
2020-04-01,Fallecidos,0.0,20-39
2020-04-02,Fallecidos,0.0,20-39
2020-04-03,Fallecidos,0.0,20-39
2020-04-04,Fallecidos,0.0,20-39
2020-04-05,Fallecidos,0.0,20-39
2020-04-06,Fallecidos,0.0,20-39
2020-04-07,Fallecidos,0.0,20-39
2020-04-08,Fallecidos,0.0,20-39
2020-04-09,Fallecidos,0.0,20-39
2020-04-10,Fallecidos,0.0,20-39
2020-04-11,Fallecidos,0.0,20-39
2020-04-12,Fallecidos,0.0,20-39
2020-04-13,Fallecidos,0.0,20-39
2020-04-14,Fallecidos,0.0,20-39
2020-04-15,Fallecidos,0.0,20-39
2020-04-16,Fallecidos,0.0,20-39
2020-04-17,Fallecidos,0.0,20-39
2020-04-18,Fallecidos,0.0,20-39
2020-04-19,Fallecidos,0.0,20-39
2020-04-20,Fallecidos,0.0,20-39
2020-04-21,Fallecidos,0.0,20-39
2020-04-22,Fallecidos,0.0,20-39
2020-04-23,Fallecidos,0.0,20-39
2020-04-24,Fallecidos,0.0,20-39
2020-04-25,Fallecidos,0.0,20-39
2020-04-26,Fallecidos,0.0,20-39
2020-04-27,Fallecidos,0.0,20-39
2020-04-28,Fallecidos,0.0,20-39
2020-04-29,Fallecidos,0.0,20-39
2020-04-30,Fallecidos,0.0,20-39
2020-05-01,Fallecidos,0.0,20-39
2020-05-02,Fallecidos,0.0,20-39
2020-05-03,Fallecidos,0.0,20-39
2020-05-04,Fallecidos,0.0,20-39
2020-05-05,Fallecidos,0.0,20-39
2020-05-06,Fallecidos,0.0,20-39
2020-05-07,Fallecidos,0.0,20-39
2020-05-08,Fallecidos,0.0,20-39
2020-05-09,Fallecidos,0.0,20-39
2020-05-10,Fallecidos,0.0,20-39
2020-05-11,Fallecidos,0.0,20-39
2020-05-12,Fallecidos,0.0,20-39
2020-05-13,Fallecidos,0.0,20-39
2020-05-14,Fallecidos,0.0,20-39
2020-05-15,Fallecidos,0.0,20-39
2020-05-16,Fallecidos,0.0,20-39
2020-05-17,Fallecidos,0.0,20-39
2020-05-18,Fallecidos,0.0,20-39
2020-05-19,Fallecidos,0.0,20-39
2020-05-20,Fallecidos,0.0,20-39
2020-05-21,Fallecidos,0.0,20-39
2020-05-22,Fallecidos,0.0,20-39
2020-05-23,Fallecidos,0.0,20-39
2020-05-24,Fallecidos,0.0,20-39
2020-05-25,Fallecidos,0.0,20-39
2020-05-26,Fallecidos,0.0,20-39
2020-05-27,Fallecidos,0.0,20-39
2020-05-28,Fallecidos,0.0,20-39
2020-05-29,Fallecidos,0.0,20-39
2020-05-30,Fallecidos,0.0,20-39
2020-05-31,Fallecidos,0.0,20-39
2020-06-01,Fallecidos,0.0,20-39
2020-06-02,Fallecidos,0.0,20-39
2020-06-03,Fallecidos,0.0,20-39
2020-06-04,Fallecidos,0.0,20-39
2020-06-05,Fallecidos,0.0,20-39
2020-06-06,Fallecidos,0.0,20-39
2020-06-07,Fallecidos,0.0,20-39
2020-06-08,Fallecidos,0.0,20-39
2020-06-09,Fallecidos,0.0,20-39
2020-06-10,Fallecidos,0.0,20-39
2020-06-11,Fallecidos,0.0,20-39
2020-06-12,Fallecidos,0.0,20-39
2020-06-13,Fallecidos,0.0,20-39
2020-06-14,Fallecidos,0.0,20-39
2020-06-15,Fallecidos,0.0,20-39
2020-06-16,Fallecidos,0.0,20-39
2020-06-17,Fallecidos,0.0,20-39
2020-06-18,Fallecidos,0.0,20-39
2020-06-19,Fallecidos,0.0,20-39
2020-06-20,Fallecidos,0.0,20-39
2020-06-21,Fallecidos,0.0,20-39
2020-06-22,Fallecidos,0.0,20-39
2020-06-23,Fallecidos,0.0,20-39
2020-06-24,Fallecidos,0.0,20-39
2020-06-25,Fallecidos,0.0,20-39
2020-06-26,Fallecidos,0.0,20-39
2020-06-27,Fallecidos,0.0,20-39
2020-06-28,Fallecidos,0.0,20-39
2020-06-29,Fallecidos,0.0,20-39
2020-06-30,Fallecidos,0.0,20-39
2020-07-01,Fallecidos,0.0,20-39
2020-07-02,Fallecidos,0.0,20-39
2020-07-03,Fallecidos,0.0,20-39
2020-07-04,Fallecidos,0.0,20-39
2020-07-05,Fallecidos,0.0,20-39
2020-07-06,Fallecidos,0.0,20-39
2020-07-07,Fallecidos,0.0,20-39
2020-07-08,Fallecidos,0.0,20-39
2020-07-09,Fallecidos,0.0,20-39
2020-07-10,Fallecidos,0.0,20-39
2020-07-11,Fallecidos,0.0,20-39
2020-07-12,Fallecidos,0.0,20-39
2020-07-13,Fallecidos,0.0,20-39
2020-07-14,Fallecidos,0.0,20-39
2020-07-15,Fallecidos,0.0,20-39
2020-07-16,Fallecidos,0.0,20-39
2020-07-17,Fallecidos,0.0,20-39
2020-07-18,Fallecidos,0.0,20-39
2020-07-19,Fallecidos,0.0,20-39
2020-07-20,Fallecidos,0.0,20-39
2020-07-21,Fallecidos,0.0,20-39
2020-07-22,Fallecidos,0.0,20-39
2020-07-23,Fallecidos,0.0,20-39
2020-07-24,Fallecidos,0.0,20-39
2020-07-25,Fallecidos,0.0,20-39
2020-07-26,Fallecidos,0.0,20-39
2020-07-27,Fallecidos,0.0,20-39
2020-07-28,Fallecidos,0.0,20-39
2020-07-29,Fallecidos,0.0,20-39
2020-07-30,Fallecidos,0.0,20-39
2020-07-31,Fallecidos,0.0,20-39
2020-08-01,Fallecidos,0.0,20-39
2020-08-02,Fallecidos,0.0,20-39
2020-03-06,Graves,0.0,40-59
2020-03-07,Graves,0.0,40-59
2020-03-08,Graves,0.0,40-59
2020-03-09,Graves,0.0,40-59
2020-03-10,Graves,0.0,40-59
2020-03-11,Graves,8.926977325477593e-05,40-59
2020-03-12,Graves,8.926977325477593e-05,40-59
2020-03-13,Graves,8.926977325477593e-05,40-59
2020-03-14,Graves,8.926977325477593e-05,40-59
2020-03-15,Graves,8.926977325477593e-05,40-59
2020-03-16,Graves,8.926977325477593e-05,40-59
2020-03-17,Graves,8.926977325477593e-05,40-59
2020-03-18,Graves,8.926977325477593e-05,40-59
2020-03-19,Graves,8.926977325477593e-05,40-59
2020-03-20,Graves,0.00017853954650955185,40-59
2020-03-21,Graves,0.00017853954650955185,40-59
2020-03-22,Graves,0.0002678093197643278,40-59
2020-03-23,Graves,0.0002678093197643278,40-59
2020-03-24,Graves,0.0002678093197643278,40-59
2020-03-25,Graves,0.0002678093197643278,40-59
2020-03-26,Graves,0.0003570790930191037,40-59
2020-03-27,Graves,0.0003570790930191037,40-59
2020-03-28,Graves,0.00044634886627387967,40-59
2020-03-29,Graves,0.00044634886627387967,40-59
2020-03-30,Graves,0.00044634886627387967,40-59
2020-03-31,Graves,0.0007141581860382074,40-59
2020-04-01,Graves,0.0008926977325477593,40-59
2020-04-02,Graves,0.001249776825566863,40-59
2020-04-03,Graves,0.001249776825566863,40-59
2020-04-04,Graves,0.001339046598821639,40-59
2020-04-05,Graves,0.001249776825566863,40-59
2020-04-06,Graves,0.001339046598821639,40-59
2020-04-07,Graves,0.001339046598821639,40-59
2020-04-08,Graves,0.0014283163720764148,40-59
2020-04-09,Graves,0.001517586145331191,40-59
2020-04-10,Graves,0.001517586145331191,40-59
2020-04-11,Graves,0.0016068559185859668,40-59
2020-04-12,Graves,0.0016961256918407428,40-59
2020-04-13,Graves,0.0016068559185859668,40-59
2020-04-14,Graves,0.0016961256918407428,40-59
2020-04-15,Graves,0.0014283163720764148,40-59
2020-04-16,Graves,0.001517586145331191,40-59
2020-04-17,Graves,0.0016068559185859668,40-59
2020-04-18,Graves,0.0016068559185859668,40-59
2020-04-19,Graves,0.0016068559185859668,40-59
2020-04-20,Graves,0.0016961256918407428,40-59
2020-04-21,Graves,0.0014283163720764148,40-59
2020-04-22,Graves,0.001517586145331191,40-59
2020-04-23,Graves,0.0016068559185859668,40-59
2020-04-24,Graves,0.0014283163720764148,40-59
2020-04-25,Graves,0.001517586145331191,40-59
2020-04-26,Graves,0.001517586145331191,40-59
2020-04-27,Graves,0.0014283163720764148,40-59
2020-04-28,Graves,0.0016068559185859668,40-59
2020-04-29,Graves,0.0016068559185859668,40-59
2020-04-30,Graves,0.001517586145331191,40-59
2020-05-01,Graves,0.0016068559185859668,40-59
2020-05-02,Graves,0.0016068559185859668,40-59
2020-05-03,Graves,0.001517586145331191,40-59
2020-05-04,Graves,0.0016068559185859668,40-59
2020-05-05,Graves,0.0016068559185859668,40-59
2020-05-06,Graves,0.0016961256918407428,40-59
2020-05-07,Graves,0.0017853954650955187,40-59
2020-05-08,Graves,0.0018746652383502945,40-59
2020-05-09,Graves,0.0017853954650955187,40-59
2020-05-10,Graves,0.0016961256918407428,40-59
2020-05-11,Graves,0.0016961256918407428,40-59
2020-05-12,Graves,0.0016961256918407428,40-59
2020-05-13,Graves,0.0016961256918407428,40-59
2020-05-14,Graves,0.0017853954650955187,40-59
2020-05-15,Graves,0.0016068559185859668,40-59
2020-05-16,Graves,0.0016068559185859668,40-59
2020-05-17,Graves,0.0016961256918407428,40-59
2020-05-18,Graves,0.0017853954650955187,40-59
2020-05-19,Graves,0.0017853954650955187,40-59
2020-05-20,Graves,0.0016961256918407428,40-59
2020-05-21,Graves,0.0016961256918407428,40-59
2020-05-22,Graves,0.0016068559185859668,40-59
2020-05-23,Graves,0.0014283163720764148,40-59
2020-05-24,Graves,0.001339046598821639,40-59
2020-05-25,Graves,0.0010712372790573112,40-59
2020-05-26,Graves,0.001160507052312087,40-59
2020-05-27,Graves,0.0009819675058025353,40-59
2020-05-28,Graves,0.0008926977325477593,40-59
2020-05-29,Graves,0.0008926977325477593,40-59
2020-05-30,Graves,0.0010712372790573112,40-59
2020-05-31,Graves,0.0008926977325477593,40-59
2020-06-01,Graves,0.0008926977325477593,40-59
2020-06-02,Graves,0.0009819675058025353,40-59
2020-06-03,Graves,0.0008926977325477593,40-59
2020-06-04,Graves,0.0008034279592929834,40-59
2020-06-05,Graves,0.0007141581860382074,40-59
2020-06-06,Graves,0.0006248884127834316,40-59
2020-06-07,Graves,0.0007141581860382074,40-59
2020-06-08,Graves,0.0006248884127834316,40-59
2020-06-09,Graves,0.0006248884127834316,40-59
2020-06-10,Graves,0.0005356186395286556,40-59
2020-06-11,Graves,0.0005356186395286556,40-59
2020-06-12,Graves,0.0005356186395286556,40-59
2020-06-13,Graves,0.0005356186395286556,40-59
2020-06-14,Graves,0.0003570790930191037,40-59
2020-06-15,Graves,0.0005356186395286556,40-59
2020-06-16,Graves,0.0006248884127834316,40-59
2020-06-17,Graves,0.0007141581860382074,40-59
2020-06-18,Graves,0.0007141581860382074,40-59
2020-06-19,Graves,0.0009819675058025353,40-59
2020-06-20,Graves,0.0009819675058025353,40-59
2020-06-21,Graves,0.001160507052312087,40-59
2020-06-22,Graves,0.0014283163720764148,40-59
2020-06-23,Graves,0.0016961256918407428,40-59
2020-06-24,Graves,0.0018746652383502945,40-59
2020-06-25,Graves,0.0022317443313693984,40-59
2020-06-26,Graves,0.002678093197643278,40-59
2020-06-27,Graves,0.0029459025174076057,40-59
2020-06-28,Graves,0.0031244420639171574,40-59
2020-06-29,Graves,0.0034815211569362613,40-59
2020-06-30,Graves,0.0033922513836814857,40-59
2020-07-01,Graves,0.0036600607034458135,40-59
2020-07-02,Graves,0.003749330476700589,40-59
2020-07-03,Graves,0.0041064095697196925,40-59
2020-07-04,Graves,0.004463488662738797,40-59
2020-07-05,Graves,0.0048205677557579,40-59
2020-07-06,Graves,0.005088377075522228,40-59
2020-07-07,Graves,0.005177646848777004,40-59
2020-07-08,Graves,0.00526691662203178,40-59
2020-07-09,Graves,0.005534725941796108,40-59
2020-07-10,Graves,0.005713265488305659,40-59
2020-07-11,Graves,0.005356186395286556,40-59
2020-07-12,Graves,0.005534725941796108,40-59
2020-07-13,Graves,0.0058918050348152114,40-59
2020-07-14,Graves,0.005623995715050884,40-59
2020-07-15,Graves,0.005802535261560436,40-59
2020-07-16,Graves,0.006070344581324764,40-59
2020-07-17,Graves,0.005981074808069987,40-59
2020-07-18,Graves,0.005981074808069987,40-59
2020-07-19,Graves,0.0058918050348152114,40-59
2020-07-20,Graves,0.0058918050348152114,40-59
2020-07-21,Graves,0.006427423674343867,40-59
2020-07-22,Graves,0.006427423674343867,40-59
2020-07-23,Graves,0.006427423674343867,40-59
2020-07-24,Graves,0.006248884127834315,40-59
2020-07-25,Graves,0.0058918050348152114,40-59
2020-07-26,Graves,0.005713265488305659,40-59
2020-07-27,Graves,0.005623995715050884,40-59
2020-07-28,Graves,0.005177646848777004,40-59
2020-07-29,Graves,0.0048205677557579,40-59
2020-07-30,Graves,0.004731297982503125,40-59
2020-07-31,Graves,0.004642028209248348,40-59
2020-08-01,Graves,0.004284949116229245,40-59
2020-08-02,Graves,0.004195679342974469,40-59
2020-03-06,Críticos,0.0,40-59
2020-03-07,Críticos,0.0,40-59
2020-03-08,Críticos,0.0,40-59
2020-03-09,Críticos,0.0,40-59
2020-03-10,Críticos,0.0,40-59
2020-03-11,Críticos,0.0,40-59
2020-03-12,Críticos,0.0,40-59
2020-03-13,Críticos,0.0,40-59
2020-03-14,Críticos,0.0,40-59
2020-03-15,Críticos,0.0,40-59
2020-03-16,Críticos,0.0,40-59
2020-03-17,Críticos,0.0,40-59
2020-03-18,Críticos,0.0,40-59
2020-03-19,Críticos,0.0,40-59
2020-03-20,Críticos,0.0,40-59
2020-03-21,Críticos,0.0,40-59
2020-03-22,Críticos,0.0,40-59
2020-03-23,Críticos,0.0,40-59
2020-03-24,Críticos,0.0,40-59
2020-03-25,Críticos,0.0,40-59
2020-03-26,Críticos,0.0,40-59
2020-03-27,Críticos,0.0,40-59
2020-03-28,Críticos,0.0,40-59
2020-03-29,Críticos,0.0,40-59
2020-03-30,Críticos,0.0,40-59
2020-03-31,Críticos,0.0,40-59
2020-04-01,Críticos,0.0,40-59
2020-04-02,Críticos,0.0,40-59
2020-04-03,Críticos,0.0,40-59
2020-04-04,Críticos,0.0,40-59
2020-04-05,Críticos,8.926977325477593e-05,40-59
2020-04-06,Críticos,8.926977325477593e-05,40-59
2020-04-07,Críticos,8.926977325477593e-05,40-59
2020-04-08,Críticos,8.926977325477593e-05,40-59
2020-04-09,Críticos,8.926977325477593e-05,40-59
2020-04-10,Críticos,0.0,40-59
2020-04-11,Críticos,8.926977325477593e-05,40-59
2020-04-12,Críticos,8.926977325477593e-05,40-59
2020-04-13,Críticos,8.926977325477593e-05,40-59
2020-04-14,Críticos,8.926977325477593e-05,40-59
2020-04-15,Críticos,8.926977325477593e-05,40-59
2020-04-16,Críticos,8.926977325477593e-05,40-59
2020-04-17,Críticos,8.926977325477593e-05,40-59
2020-04-18,Críticos,8.926977325477593e-05,40-59
2020-04-19,Críticos,8.926977325477593e-05,40-59
2020-04-20,Críticos,8.926977325477593e-05,40-59
2020-04-21,Críticos,8.926977325477593e-05,40-59
2020-04-22,Críticos,8.926977325477593e-05,40-59
2020-04-23,Críticos,8.926977325477593e-05,40-59
2020-04-24,Críticos,8.926977325477593e-05,40-59
2020-04-25,Críticos,8.926977325477593e-05,40-59
2020-04-26,Críticos,8.926977325477593e-05,40-59
2020-04-27,Críticos,0.00017853954650955185,40-59
2020-04-28,Críticos,0.00017853954650955185,40-59
2020-04-29,Críticos,0.00017853954650955185,40-59
2020-04-30,Críticos,0.0002678093197643278,40-59
2020-05-01,Críticos,0.0002678093197643278,40-59
2020-05-02,Críticos,0.0002678093197643278,40-59
2020-05-03,Críticos,0.0002678093197643278,40-59
2020-05-04,Críticos,0.0002678093197643278,40-59
2020-05-05,Críticos,0.0002678093197643278,40-59
2020-05-06,Críticos,0.0002678093197643278,40-59
2020-05-07,Críticos,0.0003570790930191037,40-59
2020-05-08,Críticos,0.0002678093197643278,40-59
2020-05-09,Críticos,0.00017853954650955185,40-59
2020-05-10,Críticos,8.926977325477593e-05,40-59
2020-05-11,Críticos,8.926977325477593e-05,40-59
2020-05-12,Críticos,8.926977325477593e-05,40-59
2020-05-13,Críticos,8.926977325477593e-05,40-59
2020-05-14,Críticos,8.926977325477593e-05,40-59
2020-05-15,Críticos,8.926977325477593e-05,40-59
2020-05-16,Críticos,8.926977325477593e-05,40-59
2020-05-17,Críticos,8.926977325477593e-05,40-59
2020-05-18,Críticos,8.926977325477593e-05,40-59
2020-05-19,Críticos,8.926977325477593e-05,40-59
2020-05-20,Críticos,8.926977325477593e-05,40-59
2020-05-21,Críticos,8.926977325477593e-05,40-59
2020-05-22,Críticos,8.926977325477593e-05,40-59
2020-05-23,Críticos,8.926977325477593e-05,40-59
2020-05-24,Críticos,8.926977325477593e-05,40-59
2020-05-25,Críticos,0.0,40-59
2020-05-26,Críticos,0.0,40-59
2020-05-27,Críticos,0.0,40-59
2020-05-28,Críticos,0.0,40-59
2020-05-29,Críticos,0.0,40-59
2020-05-30,Críticos,0.0,40-59
2020-05-31,Críticos,8.926977325477593e-05,40-59
2020-06-01,Críticos,8.926977325477593e-05,40-59
2020-06-02,Críticos,8.926977325477593e-05,40-59
2020-06-03,Críticos,8.926977325477593e-05,40-59
2020-06-04,Críticos,8.926977325477593e-05,40-59
2020-06-05,Críticos,0.0,40-59
2020-06-06,Críticos,0.0,40-59
2020-06-07,Críticos,0.0,40-59
2020-06-08,Críticos,0.0,40-59
2020-06-09,Críticos,0.0,40-59
2020-06-10,Críticos,0.0,40-59
2020-06-11,Críticos,0.0,40-59
2020-06-12,Críticos,0.0,40-59
2020-06-13,Críticos,0.0,40-59
2020-06-14,Críticos,0.0,40-59
2020-06-15,Críticos,0.0,40-59
2020-06-16,Críticos,0.0,40-59
2020-06-17,Críticos,0.0,40-59
2020-06-18,Críticos,0.0,40-59
2020-06-19,Críticos,0.0,40-59
2020-06-20,Críticos,8.926977325477593e-05,40-59
2020-06-21,Críticos,8.926977325477593e-05,40-59
2020-06-22,Críticos,8.926977325477593e-05,40-59
2020-06-23,Críticos,8.926977325477593e-05,40-59
2020-06-24,Críticos,8.926977325477593e-05,40-59
2020-06-25,Críticos,8.926977325477593e-05,40-59
2020-06-26,Críticos,8.926977325477593e-05,40-59
2020-06-27,Críticos,8.926977325477593e-05,40-59
2020-06-28,Críticos,0.0,40-59
2020-06-29,Críticos,0.0,40-59
2020-06-30,Críticos,0.00017853954650955185,40-59
2020-07-01,Críticos,0.0002678093197643278,40-59
2020-07-02,Críticos,0.0002678093197643278,40-59
2020-07-03,Críticos,0.0002678093197643278,40-59
2020-07-04,Críticos,0.0002678093197643278,40-59
2020-07-05,Críticos,0.0002678093197643278,40-59
2020-07-06,Críticos,0.0002678093197643278,40-59
2020-07-07,Críticos,0.0002678093197643278,40-59
2020-07-08,Críticos,0.0002678093197643278,40-59
2020-07-09,Críticos,0.0002678093197643278,40-59
2020-07-10,Críticos,0.0003570790930191037,40-59
2020-07-11,Críticos,0.0005356186395286556,40-59
2020-07-12,Críticos,0.0005356186395286556,40-59
2020-07-13,Críticos,0.0006248884127834316,40-59
2020-07-14,Críticos,0.0007141581860382074,40-59
2020-07-15,Críticos,0.0007141581860382074,40-59
2020-07-16,Críticos,0.0007141581860382074,40-59
2020-07-17,Críticos,0.0008034279592929834,40-59
2020-07-18,Críticos,0.0008034279592929834,40-59
2020-07-19,Críticos,0.0008926977325477593,40-59
2020-07-20,Críticos,0.0009819675058025353,40-59
2020-07-21,Críticos,0.0009819675058025353,40-59
2020-07-22,Críticos,0.0008926977325477593,40-59
2020-07-23,Críticos,0.0008034279592929834,40-59
2020-07-24,Críticos,0.0008034279592929834,40-59
2020-07-25,Críticos,0.0008926977325477593,40-59
2020-07-26,Críticos,0.0008926977325477593,40-59
2020-07-27,Críticos,0.0008034279592929834,40-59
2020-07-28,Críticos,0.0008034279592929834,40-59
2020-07-29,Críticos,0.0008034279592929834,40-59
2020-07-30,Críticos,0.0007141581860382074,40-59
2020-07-31,Críticos,0.0007141581860382074,40-59
2020-08-01,Críticos,0.0005356186395286556,40-59
2020-08-02,Críticos,0.0005356186395286556,40-59
2020-03-06,Fallecidos,0.0,40-59
2020-03-07,Fallecidos,0.0,40-59
2020-03-08,Fallecidos,0.0,40-59
2020-03-09,Fallecidos,0.0,40-59
2020-03-10,Fallecidos,0.0,40-59
2020-03-11,Fallecidos,0.0,40-59
2020-03-12,Fallecidos,0.0,40-59
2020-03-13,Fallecidos,0.0,40-59
2020-03-14,Fallecidos,0.0,40-59
2020-03-15,Fallecidos,0.0,40-59
2020-03-16,Fallecidos,0.0,40-59
2020-03-17,Fallecidos,0.0,40-59
2020-03-18,Fallecidos,0.0,40-59
2020-03-19,Fallecidos,0.0,40-59
2020-03-20,Fallecidos,0.0,40-59
2020-03-21,Fallecidos,0.0,40-59
2020-03-22,Fallecidos,0.0,40-59
2020-03-23,Fallecidos,0.0,40-59
2020-03-24,Fallecidos,0.0,40-59
2020-03-25,Fallecidos,0.0,40-59
2020-03-26,Fallecidos,0.0,40-59
2020-03-27,Fallecidos,0.0,40-59
2020-03-28,Fallecidos,0.0,40-59
2020-03-29,Fallecidos,0.0,40-59
2020-03-30,Fallecidos,0.0,40-59
2020-03-31,Fallecidos,0.0,40-59
2020-04-01,Fallecidos,0.0,40-59
2020-04-02,Fallecidos,0.0,40-59
2020-04-03,Fallecidos,0.0,40-59
2020-04-04,Fallecidos,0.0,40-59
2020-04-05,Fallecidos,0.0,40-59
2020-04-06,Fallecidos,0.0,40-59
2020-04-07,Fallecidos,0.0,40-59
2020-04-08,Fallecidos,0.0,40-59
2020-04-09,Fallecidos,0.0,40-59
2020-04-10,Fallecidos,0.0,40-59
2020-04-11,Fallecidos,0.0,40-59
2020-04-12,Fallecidos,0.0,40-59
2020-04-13,Fallecidos,0.0,40-59
2020-04-14,Fallecidos,0.0,40-59
2020-04-15,Fallecidos,0.0,40-59
2020-04-16,Fallecidos,0.0,40-59
2020-04-17,Fallecidos,0.0,40-59
2020-04-18,Fallecidos,0.0,40-59
2020-04-19,Fallecidos,0.0,40-59
2020-04-20,Fallecidos,0.0,40-59
2020-04-21,Fallecidos,0.0,40-59
2020-04-22,Fallecidos,0.0,40-59
2020-04-23,Fallecidos,0.0,40-59
2020-04-24,Fallecidos,0.0,40-59
2020-04-25,Fallecidos,0.0,40-59
2020-04-26,Fallecidos,0.0,40-59
2020-04-27,Fallecidos,0.0,40-59
2020-04-28,Fallecidos,0.0,40-59
2020-04-29,Fallecidos,0.0,40-59
2020-04-30,Fallecidos,0.0,40-59
2020-05-01,Fallecidos,0.0,40-59
2020-05-02,Fallecidos,0.0,40-59
2020-05-03,Fallecidos,0.0,40-59
2020-05-04,Fallecidos,0.0,40-59
2020-05-05,Fallecidos,0.0,40-59
2020-05-06,Fallecidos,0.0,40-59
2020-05-07,Fallecidos,0.0,40-59
2020-05-08,Fallecidos,0.0,40-59
2020-05-09,Fallecidos,0.0,40-59
2020-05-10,Fallecidos,0.0,40-59
2020-05-11,Fallecidos,0.0,40-59
2020-05-12,Fallecidos,0.0,40-59
2020-05-13,Fallecidos,0.0,40-59
2020-05-14,Fallecidos,0.0,40-59
2020-05-15,Fallecidos,0.0,40-59
2020-05-16,Fallecidos,0.0,40-59
2020-05-17,Fallecidos,0.0,40-59
2020-05-18,Fallecidos,0.0,40-59
2020-05-19,Fallecidos,0.0,40-59
2020-05-20,Fallecidos,0.0,40-59
2020-05-21,Fallecidos,0.0,40-59
2020-05-22,Fallecidos,0.0,40-59
2020-05-23,Fallecidos,0.0,40-59
2020-05-24,Fallecidos,0.0,40-59
2020-05-25,Fallecidos,0.0,40-59
2020-05-26,Fallecidos,0.0,40-59
2020-05-27,Fallecidos,0.0,40-59
2020-05-28,Fallecidos,0.0,40-59
2020-05-29,Fallecidos,0.0,40-59
2020-05-30,Fallecidos,0.0,40-59
2020-05-31,Fallecidos,0.0,40-59
2020-06-01,Fallecidos,0.0,40-59
2020-06-02,Fallecidos,0.0,40-59
2020-06-03,Fallecidos,0.0,40-59
2020-06-04,Fallecidos,0.0,40-59
2020-06-05,Fallecidos,0.0,40-59
2020-06-06,Fallecidos,0.0,40-59
2020-06-07,Fallecidos,0.0,40-59
2020-06-08,Fallecidos,0.0,40-59
2020-06-09,Fallecidos,0.0,40-59
2020-06-10,Fallecidos,0.0,40-59
2020-06-11,Fallecidos,0.0,40-59
2020-06-12,Fallecidos,0.0,40-59
2020-06-13,Fallecidos,0.0,40-59
2020-06-14,Fallecidos,0.0,40-59
2020-06-15,Fallecidos,0.0,40-59
2020-06-16,Fallecidos,0.0,40-59
2020-06-17,Fallecidos,0.0,40-59
2020-06-18,Fallecidos,0.0,40-59
2020-06-19,Fallecidos,0.0,40-59
2020-06-20,Fallecidos,0.0,40-59
2020-06-21,Fallecidos,0.0,40-59
2020-06-22,Fallecidos,0.0,40-59
2020-06-23,Fallecidos,0.0,40-59
2020-06-24,Fallecidos,0.0,40-59
2020-06-25,Fallecidos,0.0,40-59
2020-06-26,Fallecidos,0.0,40-59
2020-06-27,Fallecidos,0.0,40-59
2020-06-28,Fallecidos,0.0,40-59
2020-06-29,Fallecidos,0.0,40-59
2020-06-30,Fallecidos,0.0,40-59
2020-07-01,Fallecidos,0.0,40-59
2020-07-02,Fallecidos,0.0,40-59
2020-07-03,Fallecidos,0.0,40-59
2020-07-04,Fallecidos,0.0,40-59
2020-07-05,Fallecidos,0.0,40-59
2020-07-06,Fallecidos,0.0,40-59
2020-07-07,Fallecidos,0.0,40-59
2020-07-08,Fallecidos,8.926977325477593e-05,40-59
2020-07-09,Fallecidos,8.926977325477593e-05,40-59
2020-07-10,Fallecidos,8.926977325477593e-05,40-59
2020-07-11,Fallecidos,8.926977325477593e-05,40-59
2020-07-12,Fallecidos,8.926977325477593e-05,40-59
2020-07-13,Fallecidos,8.926977325477593e-05,40-59
2020-07-14,Fallecidos,8.926977325477593e-05,40-59
2020-07-15,Fallecidos,8.926977325477593e-05,40-59
2020-07-16,Fallecidos,8.926977325477593e-05,40-59
2020-07-17,Fallecidos,8.926977325477593e-05,40-59
2020-07-18,Fallecidos,8.926977325477593e-05,40-59
2020-07-19,Fallecidos,8.926977325477593e-05,40-59
2020-07-20,Fallecidos,8.926977325477593e-05,40-59
2020-07-21,Fallecidos,8.926977325477593e-05,40-59
2020-07-22,Fallecidos,8.926977325477593e-05,40-59
2020-07-23,Fallecidos,8.926977325477593e-05,40-59
2020-07-24,Fallecidos,8.926977325477593e-05,40-59
2020-07-25,Fallecidos,8.926977325477593e-05,40-59
2020-07-26,Fallecidos,8.926977325477593e-05,40-59
2020-07-27,Fallecidos,0.00017853954650955185,40-59
2020-07-28,Fallecidos,0.00017853954650955185,40-59
2020-07-29,Fallecidos,0.00017853954650955185,40-59
2020-07-30,Fallecidos,0.00017853954650955185,40-59
2020-07-31,Fallecidos,0.00017853954650955185,40-59
2020-08-01,Fallecidos,0.00017853954650955185,40-59
2020-08-02,Fallecidos,0.00017853954650955185,40-59
2020-03-06,Graves,0.0,>60
2020-03-07,Graves,0.0,>60
2020-03-08,Graves,0.0,>60
2020-03-09,Graves,0.0,>60
2020-03-10,Graves,0.0,>60
2020-03-11,Graves,0.00016846361185983828,>60
2020-03-12,Graves,0.00016846361185983828,>60
2020-03-13,Graves,0.00016846361185983828,>60
2020-03-14,Graves,0.00016846361185983828,>60
2020-03-15,Graves,0.00016846361185983828,>60
2020-03-16,Graves,0.0,>60
2020-03-17,Graves,0.0,>60
2020-03-18,Graves,0.0,>60
2020-03-19,Graves,0.0,>60
2020-03-20,Graves,0.0,>60
2020-03-21,Graves,0.00033692722371967657,>60
2020-03-22,Graves,0.00033692722371967657,>60
2020-03-23,Graves,0.00033692722371967657,>60
2020-03-24,Graves,0.00033692722371967657,>60
2020-03-25,Graves,0.00033692722371967657,>60
2020-03-26,Graves,0.0,>60
2020-03-27,Graves,0.0,>60
2020-03-28,Graves,0.0,>60
2020-03-29,Graves,0.0005053908355795149,>60
2020-03-30,Graves,0.0011792452830188679,>60
2020-03-31,Graves,0.001853099730458221,>60
2020-04-01,Graves,0.002526954177897574,>60
2020-04-02,Graves,0.003706199460916442,>60
2020-04-03,Graves,0.003200808625336927,>60
2020-04-04,Graves,0.0028638814016172507,>60
2020-04-05,Graves,0.0023584905660377358,>60
2020-04-06,Graves,0.002526954177897574,>60
2020-04-07,Graves,0.001853099730458221,>60
2020-04-08,Graves,0.002526954177897574,>60
2020-04-09,Graves,0.003032345013477089,>60
2020-04-10,Graves,0.0033692722371967657,>60
2020-04-11,Graves,0.003537735849056604,>60
2020-04-12,Graves,0.004043126684636119,>60
2020-04-13,Graves,0.0042115902964959566,>60
2020-04-14,Graves,0.004043126684636119,>60
2020-04-15,Graves,0.004548517520215634,>60
2020-04-16,Graves,0.00488544474393531,>60
2020-04-17,Graves,0.00488544474393531,>60
2020-04-18,Graves,0.00488544474393531,>60
2020-04-19,Graves,0.00488544474393531,>60
2020-04-20,Graves,0.0047169811320754715,>60
2020-04-21,Graves,0.00488544474393531,>60
2020-04-22,Graves,0.00488544474393531,>60
2020-04-23,Graves,0.004548517520215634,>60
2020-04-24,Graves,0.004380053908355795,>60
2020-04-25,Graves,0.004548517520215634,>60
2020-04-26,Graves,0.0047169811320754715,>60
2020-04-27,Graves,0.005053908355795148,>60
2020-04-28,Graves,0.004548517520215634,>60
2020-04-29,Graves,0.004380053908355795,>60
2020-04-30,Graves,0.004043126684636119,>60
2020-05-01,Graves,0.00387466307277628,>60
2020-05-02,Graves,0.004380053908355795,>60
2020-05-03,Graves,0.0052223719676549865,>60
2020-05-04,Graves,0.005053908355795148,>60
2020-05-05,Graves,0.005053908355795148,>60
2020-05-06,Graves,0.0052223719676549865,>60
2020-05-07,Graves,0.0052223719676549865,>60
2020-05-08,Graves,0.0047169811320754715,>60
2020-05-09,Graves,0.0042115902964959566,>60
2020-05-10,Graves,0.00387466307277628,>60
2020-05-11,Graves,0.003706199460916442,>60
2020-05-12,Graves,0.00387466307277628,>60
2020-05-13,Graves,0.00387466307277628,>60
2020-05-14,Graves,0.00387466307277628,>60
2020-05-15,Graves,0.003537735849056604,>60
2020-05-16,Graves,0.003537735849056604,>60
2020-05-17,Graves,0.003706199460916442,>60
2020-05-18,Graves,0.003200808625336927,>60
2020-05-19,Graves,0.003032345013477089,>60
2020-05-20,Graves,0.0028638814016172507,>60
2020-05-21,Graves,0.0028638814016172507,>60
2020-05-22,Graves,0.002526954177897574,>60
2020-05-23,Graves,0.0016846361185983828,>60
2020-05-24,Graves,0.0020215633423180594,>60
2020-05-25,Graves,0.0015161725067385444,>60
2020-05-26,Graves,0.0016846361185983828,>60
2020-05-27,Graves,0.0015161725067385444,>60
2020-05-28,Graves,0.0013477088948787063,>60
2020-05-29,Graves,0.0006738544474393531,>60
2020-05-30,Graves,0.0006738544474393531,>60
2020-05-31,Graves,0.0008423180592991914,>60
2020-06-01,Graves,0.0010107816711590297,>60
2020-06-02,Graves,0.0011792452830188679,>60
2020-06-03,Graves,0.0011792452830188679,>60
2020-06-04,Graves,0.0011792452830188679,>60
2020-06-05,Graves,0.0013477088948787063,>60
2020-06-06,Graves,0.0013477088948787063,>60
2020-06-07,Graves,0.0013477088948787063,>60
2020-06-08,Graves,0.0011792452830188679,>60
2020-06-09,Graves,0.0011792452830188679,>60
2020-06-10,Graves,0.0010107816711590297,>60
2020-06-11,Graves,0.0010107816711590297,>60
2020-06-12,Graves,0.0008423180592991914,>60
2020-06-13,Graves,0.0013477088948787063,>60
2020-06-14,Graves,0.0020215633423180594,>60
2020-06-15,Graves,0.0020215633423180594,>60
2020-06-16,Graves,0.0020215633423180594,>60
2020-06-17,Graves,0.0016846361185983828,>60
2020-06-18,Graves,0.0016846361185983828,>60
2020-06-19,Graves,0.001853099730458221,>60
2020-06-20,Graves,0.0020215633423180594,>60
2020-06-21,Graves,0.0023584905660377358,>60
2020-06-22,Graves,0.003537735849056604,>60
2020-06-23,Graves,0.003537735849056604,>60
2020-06-24,Graves,0.00387466307277628,>60
2020-06-25,Graves,0.0047169811320754715,>60
2020-06-26,Graves,0.0057277628032345014,>60
2020-06-27,Graves,0.005559299191374663,>60
2020-06-28,Graves,0.006570080862533693,>60
2020-06-29,Graves,0.007917789757412398,>60
2020-06-30,Graves,0.008254716981132075,>60
2020-07-01,Graves,0.008254716981132075,>60
2020-07-02,Graves,0.008928571428571428,>60
2020-07-03,Graves,0.009433962264150943,>60
2020-07-04,Graves,0.009265498652291105,>60
2020-07-05,Graves,0.010107816711590296,>60
2020-07-06,Graves,0.01061320754716981,>60
2020-07-07,Graves,0.011455525606469003,>60
2020-07-08,Graves,0.011455525606469003,>60
2020-07-09,Graves,0.011455525606469003,>60
2020-07-10,Graves,0.011455525606469003,>60
2020-07-11,Graves,0.011960916442048518,>60
2020-07-12,Graves,0.01179245283018868,>60
2020-07-13,Graves,0.012466307277628033,>60
2020-07-14,Graves,0.013982479784366578,>60
2020-07-15,Graves,0.014319407008086253,>60
2020-07-16,Graves,0.014487870619946091,>60
2020-07-17,Graves,0.01465633423180593,>60
2020-07-18,Graves,0.01465633423180593,>60
2020-07-19,Graves,0.013814016172506738,>60
2020-07-20,Graves,0.013308625336927223,>60
2020-07-21,Graves,0.012466307277628033,>60
2020-07-22,Graves,0.01179245283018868,>60
2020-07-23,Graves,0.01162398921832884,>60
2020-07-24,Graves,0.01263477088948787,>60
2020-07-25,Graves,0.012466307277628033,>60
2020-07-26,Graves,0.012466307277628033,>60
2020-07-27,Graves,0.01263477088948787,>60
2020-07-28,Graves,0.012129380053908356,>60
2020-07-29,Graves,0.010950134770889488,>60
2020-07-30,Graves,0.010444743935309973,>60
2020-07-31,Graves,0.010276280323450135,>60
2020-08-01,Graves,0.009265498652291105,>60
2020-08-02,Graves,0.008423180592991913,>60
2020-03-06,Críticos,0.0,>60
2020-03-07,Críticos,0.0,>60
2020-03-08,Críticos,0.0,>60
2020-03-09,Críticos,0.0,>60
2020-03-10,Críticos,0.0,>60
2020-03-11,Críticos,0.0,>60
2020-03-12,Críticos,0.0,>60
2020-03-13,Críticos,0.0,>60
2020-03-14,Críticos,0.0,>60
2020-03-15,Críticos,0.0,>60
2020-03-16,Críticos,0.00016846361185983828,>60
2020-03-17,Críticos,0.00016846361185983828,>60
2020-03-18,Críticos,0.00016846361185983828,>60
2020-03-19,Críticos,0.00016846361185983828,>60
2020-03-20,Críticos,0.00016846361185983828,>60
2020-03-21,Críticos,0.00016846361185983828,>60
2020-03-22,Críticos,0.00016846361185983828,>60
2020-03-23,Críticos,0.00016846361185983828,>60
2020-03-24,Críticos,0.00016846361185983828,>60
2020-03-25,Críticos,0.00016846361185983828,>60
2020-03-26,Críticos,0.0005053908355795149,>60
2020-03-27,Críticos,0.0005053908355795149,>60
2020-03-28,Críticos,0.0005053908355795149,>60
2020-03-29,Críticos,0.0005053908355795149,>60
2020-03-30,Críticos,0.0005053908355795149,>60
2020-03-31,Críticos,0.0005053908355795149,>60
2020-04-01,Críticos,0.0005053908355795149,>60
2020-04-02,Críticos,0.0005053908355795149,>60
2020-04-03,Críticos,0.0010107816711590297,>60
2020-04-04,Críticos,0.0013477088948787063,>60
2020-04-05,Críticos,0.0016846361185983828,>60
2020-04-06,Críticos,0.001853099730458221,>60
2020-04-07,Críticos,0.0023584905660377358,>60
2020-04-08,Críticos,0.0023584905660377358,>60
2020-04-09,Críticos,0.0023584905660377358,>60
2020-04-10,Críticos,0.0020215633423180594,>60
2020-04-11,Críticos,0.0021900269541778976,>60
2020-04-12,Críticos,0.0021900269541778976,>60
2020-04-13,Críticos,0.0021900269541778976,>60
2020-04-14,Críticos,0.0021900269541778976,>60
2020-04-15,Críticos,0.0020215633423180594,>60
2020-04-16,Críticos,0.0016846361185983828,>60
2020-04-17,Críticos,0.0013477088948787063,>60
2020-04-18,Críticos,0.0015161725067385444,>60
2020-04-19,Críticos,0.0015161725067385444,>60
2020-04-20,Críticos,0.0013477088948787063,>60
2020-04-21,Críticos,0.0013477088948787063,>60
2020-04-22,Críticos,0.0010107816711590297,>60
2020-04-23,Críticos,0.0011792452830188679,>60
2020-04-24,Críticos,0.0006738544474393531,>60
2020-04-25,Críticos,0.0008423180592991914,>60
2020-04-26,Críticos,0.0008423180592991914,>60
2020-04-27,Críticos,0.0008423180592991914,>60
2020-04-28,Críticos,0.0008423180592991914,>60
2020-04-29,Críticos,0.0008423180592991914,>60
2020-04-30,Críticos,0.0010107816711590297,>60
2020-05-01,Críticos,0.0010107816711590297,>60
2020-05-02,Críticos,0.0010107816711590297,>60
2020-05-03,Críticos,0.0010107816711590297,>60
2020-05-04,Críticos,0.0008423180592991914,>60
2020-05-05,Críticos,0.0006738544474393531,>60
2020-05-06,Críticos,0.0005053908355795149,>60
2020-05-07,Críticos,0.0006738544474393531,>60
2020-05-08,Críticos,0.0010107816711590297,>60
2020-05-09,Críticos,0.0011792452830188679,>60
2020-05-10,Críticos,0.0010107816711590297,>60
2020-05-11,Críticos,0.0010107816711590297,>60
2020-05-12,Críticos,0.0010107816711590297,>60
2020-05-13,Críticos,0.0008423180592991914,>60
2020-05-14,Críticos,0.0006738544474393531,>60
2020-05-15,Críticos,0.0005053908355795149,>60
2020-05-16,Críticos,0.00033692722371967657,>60
2020-05-17,Críticos,0.00033692722371967657,>60
2020-05-18,Críticos,0.00033692722371967657,>60
2020-05-19,Críticos,0.00033692722371967657,>60
2020-05-20,Críticos,0.0005053908355795149,>60
2020-05-21,Críticos,0.0005053908355795149,>60
2020-05-22,Críticos,0.0006738544474393531,>60
2020-05-23,Críticos,0.0006738544474393531,>60
2020-05-24,Críticos,0.0006738544474393531,>60
2020-05-25,Críticos,0.0008423180592991914,>60
2020-05-26,Críticos,0.0005053908355795149,>60
2020-05-27,Críticos,0.0005053908355795149,>60
2020-05-28,Críticos,0.0005053908355795149,>60
2020-05-29,Críticos,0.0006738544474393531,>60
2020-05-30,Críticos,0.0006738544474393531,>60
2020-05-31,Críticos,0.0005053908355795149,>60
2020-06-01,Críticos,0.0005053908355795149,>60
2020-06-02,Críticos,0.0005053908355795149,>60
2020-06-03,Críticos,0.0005053908355795149,>60
2020-06-04,Críticos,0.0005053908355795149,>60
2020-06-05,Críticos,0.00033692722371967657,>60
2020-06-06,Críticos,0.00033692722371967657,>60
2020-06-07,Críticos,0.00033692722371967657,>60
2020-06-08,Críticos,0.00033692722371967657,>60
2020-06-09,Críticos,0.00033692722371967657,>60
2020-06-10,Críticos,0.00016846361185983828,>60
2020-06-11,Críticos,0.00016846361185983828,>60
2020-06-12,Críticos,0.00016846361185983828,>60
2020-06-13,Críticos,0.00016846361185983828,>60
2020-06-14,Críticos,0.00016846361185983828,>60
2020-06-15,Críticos,0.00016846361185983828,>60
2020-06-16,Críticos,0.00016846361185983828,>60
2020-06-17,Críticos,0.00016846361185983828,>60
2020-06-18,Críticos,0.00033692722371967657,>60
2020-06-19,Críticos,0.0005053908355795149,>60
2020-06-20,Críticos,0.0005053908355795149,>60
2020-06-21,Críticos,0.0005053908355795149,>60
2020-06-22,Críticos,0.00033692722371967657,>60
2020-06-23,Críticos,0.0005053908355795149,>60
2020-06-24,Críticos,0.0006738544474393531,>60
2020-06-25,Críticos,0.0006738544474393531,>60
2020-06-26,Críticos,0.0005053908355795149,>60
2020-06-27,Críticos,0.0008423180592991914,>60
2020-06-28,Críticos,0.0008423180592991914,>60
2020-06-29,Críticos,0.0008423180592991914,>60
2020-06-30,Críticos,0.0010107816711590297,>60
2020-07-01,Críticos,0.0015161725067385444,>60
2020-07-02,Críticos,0.0013477088948787063,>60
2020-07-03,Críticos,0.0016846361185983828,>60
2020-07-04,Críticos,0.0021900269541778976,>60
2020-07-05,Críticos,0.002526954177897574,>60
2020-07-06,Críticos,0.0026954177897574125,>60
2020-07-07,Críticos,0.003200808625336927,>60
2020-07-08,Críticos,0.003537735849056604,>60
2020-07-09,Críticos,0.003706199460916442,>60
2020-07-10,Críticos,0.004043126684636119,>60
2020-07-11,Críticos,0.004043126684636119,>60
2020-07-12,Críticos,0.003706199460916442,>60
2020-07-13,Críticos,0.0033692722371967657,>60
2020-07-14,Críticos,0.003200808625336927,>60
2020-07-15,Críticos,0.003200808625336927,>60
2020-07-16,Críticos,0.0028638814016172507,>60
2020-07-17,Críticos,0.0026954177897574125,>60
2020-07-18,Críticos,0.0023584905660377358,>60
2020-07-19,Críticos,0.003032345013477089,>60
2020-07-20,Críticos,0.003032345013477089,>60
2020-07-21,Críticos,0.003032345013477089,>60
2020-07-22,Críticos,0.003537735849056604,>60
2020-07-23,Críticos,0.00387466307277628,>60
2020-07-24,Críticos,0.0028638814016172507,>60
2020-07-25,Críticos,0.0028638814016172507,>60
2020-07-26,Críticos,0.0028638814016172507,>60
2020-07-27,Críticos,0.0028638814016172507,>60
2020-07-28,Críticos,0.0028638814016172507,>60
2020-07-29,Críticos,0.002526954177897574,>60
2020-07-30,Críticos,0.0023584905660377358,>60
2020-07-31,Críticos,0.002526954177897574,>60
2020-08-01,Críticos,0.0023584905660377358,>60
2020-08-02,Críticos,0.0020215633423180594,>60
2020-03-06,Fallecidos,0.0,>60
2020-03-07,Fallecidos,0.0,>60
2020-03-08,Fallecidos,0.0,>60
2020-03-09,Fallecidos,0.0,>60
2020-03-10,Fallecidos,0.0,>60
2020-03-11,Fallecidos,0.0,>60
2020-03-12,Fallecidos,0.0,>60
2020-03-13,Fallecidos,0.0,>60
2020-03-14,Fallecidos,0.0,>60
2020-03-15,Fallecidos,0.0,>60
2020-03-16,Fallecidos,0.0,>60
2020-03-17,Fallecidos,0.0,>60
2020-03-18,Fallecidos,0.0,>60
2020-03-19,Fallecidos,0.0,>60
2020-03-20,Fallecidos,0.0,>60
2020-03-21,Fallecidos,0.0,>60
2020-03-22,Fallecidos,0.0,>60
2020-03-23,Fallecidos,0.0,>60
2020-03-24,Fallecidos,0.0,>60
2020-03-25,Fallecidos,0.0,>60
2020-03-26,Fallecidos,0.0,>60
2020-03-27,Fallecidos,0.0,>60
2020-03-28,Fallecidos,0.0,>60
2020-03-29,Fallecidos,0.0,>60
2020-03-30,Fallecidos,0.0,>60
2020-03-31,Fallecidos,0.0,>60
2020-04-01,Fallecidos,0.0,>60
2020-04-02,Fallecidos,0.0,>60
2020-04-03,Fallecidos,0.0,>60
2020-04-04,Fallecidos,0.0,>60
2020-04-05,Fallecidos,0.0,>60
2020-04-06,Fallecidos,0.0,>60
2020-04-07,Fallecidos,0.00016846361185983828,>60
2020-04-08,Fallecidos,0.00016846361185983828,>60
2020-04-09,Fallecidos,0.00016846361185983828,>60
2020-04-10,Fallecidos,0.00033692722371967657,>60
2020-04-11,Fallecidos,0.00033692722371967657,>60
2020-04-12,Fallecidos,0.00033692722371967657,>60
2020-04-13,Fallecidos,0.00033692722371967657,>60
2020-04-14,Fallecidos,0.00033692722371967657,>60
2020-04-15,Fallecidos,0.00033692722371967657,>60
2020-04-16,Fallecidos,0.0005053908355795149,>60
2020-04-17,Fallecidos,0.0008423180592991914,>60
2020-04-18,Fallecidos,0.0008423180592991914,>60
2020-04-19,Fallecidos,0.0008423180592991914,>60
2020-04-20,Fallecidos,0.0008423180592991914,>60
2020-04-21,Fallecidos,0.0010107816711590297,>60
2020-04-22,Fallecidos,0.0011792452830188679,>60
2020-04-23,Fallecidos,0.0011792452830188679,>60
2020-04-24,Fallecidos,0.0013477088948787063,>60
2020-04-25,Fallecidos,0.0013477088948787063,>60
2020-04-26,Fallecidos,0.0015161725067385444,>60
2020-04-27,Fallecidos,0.0015161725067385444,>60
2020-04-28,Fallecidos,0.0016846361185983828,>60
2020-04-29,Fallecidos,0.0016846361185983828,>60
2020-04-30,Fallecidos,0.0016846361185983828,>60
2020-05-01,Fallecidos,0.0016846361185983828,>60
2020-05-02,Fallecidos,0.0016846361185983828,>60
2020-05-03,Fallecidos,0.0016846361185983828,>60
2020-05-04,Fallecidos,0.001853099730458221,>60
2020-05-05,Fallecidos,0.001853099730458221,>60
2020-05-06,Fallecidos,0.001853099730458221,>60
2020-05-07,Fallecidos,0.001853099730458221,>60
2020-05-08,Fallecidos,0.001853099730458221,>60
2020-05-09,Fallecidos,0.001853099730458221,>60
2020-05-10,Fallecidos,0.001853099730458221,>60
2020-05-11,Fallecidos,0.001853099730458221,>60
2020-05-12,Fallecidos,0.001853099730458221,>60
2020-05-13,Fallecidos,0.0020215633423180594,>60
2020-05-14,Fallecidos,0.0020215633423180594,>60
2020-05-15,Fallecidos,0.0021900269541778976,>60
2020-05-16,Fallecidos,0.0021900269541778976,>60
2020-05-17,Fallecidos,0.0021900269541778976,>60
2020-05-18,Fallecidos,0.0021900269541778976,>60
2020-05-19,Fallecidos,0.0021900269541778976,>60
2020-05-20,Fallecidos,0.0021900269541778976,>60
2020-05-21,Fallecidos,0.0021900269541778976,>60
2020-05-22,Fallecidos,0.0021900269541778976,>60
2020-05-23,Fallecidos,0.0021900269541778976,>60
2020-05-24,Fallecidos,0.0021900269541778976,>60
2020-05-25,Fallecidos,0.0021900269541778976,>60
2020-05-26,Fallecidos,0.0023584905660377358,>60
2020-05-27,Fallecidos,0.0023584905660377358,>60
2020-05-28,Fallecidos,0.0023584905660377358,>60
2020-05-29,Fallecidos,0.0023584905660377358,>60
2020-05-30,Fallecidos,0.0023584905660377358,>60
2020-05-31,Fallecidos,0.002526954177897574,>60
2020-06-01,Fallecidos,0.002526954177897574,>60
2020-06-02,Fallecidos,0.002526954177897574,>60
2020-06-03,Fallecidos,0.002526954177897574,>60
2020-06-04,Fallecidos,0.002526954177897574,>60
2020-06-05,Fallecidos,0.002526954177897574,>60
2020-06-06,Fallecidos,0.002526954177897574,>60
2020-06-07,Fallecidos,0.002526954177897574,>60
2020-06-08,Fallecidos,0.002526954177897574,>60
2020-06-09,Fallecidos,0.002526954177897574,>60
2020-06-10,Fallecidos,0.0026954177897574125,>60
2020-06-11,Fallecidos,0.0026954177897574125,>60
2020-06-12,Fallecidos,0.0026954177897574125,>60
2020-06-13,Fallecidos,0.0026954177897574125,>60
2020-06-14,Fallecidos,0.0026954177897574125,>60
2020-06-15,Fallecidos,0.0026954177897574125,>60
2020-06-16,Fallecidos,0.0026954177897574125,>60
2020-06-17,Fallecidos,0.0026954177897574125,>60
2020-06-18,Fallecidos,0.0026954177897574125,>60
2020-06-19,Fallecidos,0.0026954177897574125,>60
2020-06-20,Fallecidos,0.0026954177897574125,>60
2020-06-21,Fallecidos,0.0026954177897574125,>60
2020-06-22,Fallecidos,0.0028638814016172507,>60
2020-06-23,Fallecidos,0.0028638814016172507,>60
2020-06-24,Fallecidos,0.0028638814016172507,>60
2020-06-25,Fallecidos,0.0028638814016172507,>60
2020-06-26,Fallecidos,0.003200808625336927,>60
2020-06-27,Fallecidos,0.003537735849056604,>60
2020-06-28,Fallecidos,0.003537735849056604,>60
2020-06-29,Fallecidos,0.003706199460916442,>60
2020-06-30,Fallecidos,0.00387466307277628,>60
2020-07-01,Fallecidos,0.00387466307277628,>60
2020-07-02,Fallecidos,0.00387466307277628,>60
2020-07-03,Fallecidos,0.00387466307277628,>60
2020-07-04,Fallecidos,0.004043126684636119,>60
2020-07-05,Fallecidos,0.004043126684636119,>60
2020-07-06,Fallecidos,0.0042115902964959566,>60
2020-07-07,Fallecidos,0.0042115902964959566,>60
2020-07-08,Fallecidos,0.0042115902964959566,>60
2020-07-09,Fallecidos,0.004548517520215634,>60
2020-07-10,Fallecidos,0.0047169811320754715,>60
2020-07-11,Fallecidos,0.00488544474393531,>60
2020-07-12,Fallecidos,0.005559299191374663,>60
2020-07-13,Fallecidos,0.005559299191374663,>60
2020-07-14,Fallecidos,0.005559299191374663,>60
2020-07-15,Fallecidos,0.005559299191374663,>60
2020-07-16,Fallecidos,0.00589622641509434,>60
2020-07-17,Fallecidos,0.00589622641509434,>60
2020-07-18,Fallecidos,0.006233153638814016,>60
2020-07-19,Fallecidos,0.006233153638814016,>60
2020-07-20,Fallecidos,0.006570080862533693,>60
2020-07-21,Fallecidos,0.006570080862533693,>60
2020-07-22,Fallecidos,0.006570080862533693,>60
2020-07-23,Fallecidos,0.006907008086253369,>60
2020-07-24,Fallecidos,0.00774932614555256,>60
2020-07-25,Fallecidos,0.00774932614555256,>60
2020-07-26,Fallecidos,0.00774932614555256,>60
2020-07-27,Fallecidos,0.00774932614555256,>60
2020-07-28,Fallecidos,0.00774932614555256,>60
2020-07-29,Fallecidos,0.00774932614555256,>60
2020-07-30,Fallecidos,0.007917789757412398,>60
2020-07-31,Fallecidos,0.008086253369272238,>60
2020-08-01,Fallecidos,0.008423180592991913,>60
2020-08-02,Fallecidos,0.00876010781671159,>60
