replicate,time,obs,date
1,1,0.0,2020-03-14
1,2,0.0,2020-03-15
1,3,0.0,2020-03-16
1,4,0.0,2020-03-17
1,5,0.0,2020-03-18
1,6,0.0,2020-03-19
1,7,0.0,2020-03-20
1,8,0.0,2020-03-21
1,9,1.0,2020-03-22
1,10,1.0,2020-03-23
1,11,0.0,2020-03-24
1,12,0.0,2020-03-25
1,13,0.0,2020-03-26
1,14,1.0,2020-03-27
1,15,0.0,2020-03-28
1,16,0.0,2020-03-29
1,17,0.0,2020-03-30
1,18,1.0,2020-03-31
1,19,0.0,2020-04-01
1,20,2.0,2020-04-02
1,21,1.0,2020-04-03
1,22,2.0,2020-04-04
1,23,8.0,2020-04-05
1,24,8.0,2020-04-06
1,25,5.0,2020-04-07
1,26,10.0,2020-04-08
1,27,16.0,2020-04-09
1,28,8.0,2020-04-10
1,29,22.0,2020-04-11
1,30,22.0,2020-04-12
1,31,30.0,2020-04-13
1,32,32.0,2020-04-14
1,33,30.0,2020-04-15
1,34,36.0,2020-04-16
1,35,63.0,2020-04-17
1,36,42.0,2020-04-18
1,37,52.0,2020-04-19
1,38,62.0,2020-04-20
1,39,64.0,2020-04-21
1,40,69.0,2020-04-22
1,41,68.0,2020-04-23
1,42,70.0,2020-04-24
1,43,93.0,2020-04-25
1,44,98.0,2020-04-26
1,45,103.0,2020-04-27
1,46,106.0,2020-04-28
1,47,120.0,2020-04-29
1,48,128.0,2020-04-30
1,49,122.0,2020-05-01
1,50,123.0,2020-05-02
1,51,136.0,2020-05-03
1,52,118.0,2020-05-04
1,53,133.0,2020-05-05
1,54,138.0,2020-05-06
1,55,140.0,2020-05-07
1,56,152.0,2020-05-08
1,57,177.0,2020-05-09
1,58,142.0,2020-05-10
1,59,153.0,2020-05-11
1,60,166.0,2020-05-12
1,61,170.0,2020-05-13
1,62,177.0,2020-05-14
1,63,183.0,2020-05-15
1,64,188.0,2020-05-16
1,65,212.0,2020-05-17
1,66,201.0,2020-05-18
1,67,184.0,2020-05-19
1,68,168.0,2020-05-20
1,69,213.0,2020-05-21
1,70,200.0,2020-05-22
1,71,218.0,2020-05-23
1,72,206.0,2020-05-24
1,73,213.0,2020-05-25
1,74,198.0,2020-05-26
1,75,215.0,2020-05-27
1,76,215.0,2020-05-28
1,77,232.0,2020-05-29
1,78,217.0,2020-05-30
1,79,228.0,2020-05-31
1,80,230.0,2020-06-01
1,81,257.0,2020-06-02
1,82,261.0,2020-06-03
1,83,280.0,2020-06-04
1,84,297.0,2020-06-05
1,85,281.0,2020-06-06
1,86,325.0,2020-06-07
1,87,286.0,2020-06-08
1,88,318.0,2020-06-09
1,89,323.0,2020-06-10
1,90,344.0,2020-06-11
1,91,363.0,2020-06-12
1,92,351.0,2020-06-13
1,93,394.0,2020-06-14
1,94,390.0,2020-06-15
1,95,403.0,2020-06-16
1,96,429.0,2020-06-17
1,97,424.0,2020-06-18
1,98,445.0,2020-06-19
1,99,456.0,2020-06-20
1,100,513.0,2020-06-21
1,101,537.0,2020-06-22
1,102,584.0,2020-06-23
1,103,540.0,2020-06-24
1,104,579.0,2020-06-25
1,105,585.0,2020-06-26
1,106,597.0,2020-06-27
1,107,612.0,2020-06-28
1,108,633.0,2020-06-29
1,109,727.0,2020-06-30
1,110,701.0,2020-02-01
1,111,805.0,2020-02-02
2,1,0.0,2020-03-14
2,2,0.0,2020-03-15
2,3,0.0,2020-03-16
2,4,0.0,2020-03-17
2,5,0.0,2020-03-18
2,6,0.0,2020-03-19
2,7,0.0,2020-03-20
2,8,0.0,2020-03-21
2,9,0.0,2020-03-22
2,10,0.0,2020-03-23
2,11,0.0,2020-03-24
2,12,0.0,2020-03-25
2,13,0.0,2020-03-26
2,14,0.0,2020-03-27
2,15,0.0,2020-03-28
2,16,1.0,2020-03-29
2,17,0.0,2020-03-30
2,18,0.0,2020-03-31
2,19,0.0,2020-04-01
2,20,0.0,2020-04-02
2,21,1.0,2020-04-03
2,22,2.0,2020-04-04
2,23,3.0,2020-04-05
2,24,7.0,2020-04-06
2,25,9.0,2020-04-07
2,26,9.0,2020-04-08
2,27,12.0,2020-04-09
2,28,16.0,2020-04-10
2,29,19.0,2020-04-11
2,30,23.0,2020-04-12
2,31,24.0,2020-04-13
2,32,34.0,2020-04-14
2,33,32.0,2020-04-15
2,34,47.0,2020-04-16
2,35,46.0,2020-04-17
2,36,68.0,2020-04-18
2,37,50.0,2020-04-19
2,38,59.0,2020-04-20
2,39,58.0,2020-04-21
2,40,68.0,2020-04-22
2,41,59.0,2020-04-23
2,42,79.0,2020-04-24
2,43,88.0,2020-04-25
2,44,104.0,2020-04-26
2,45,71.0,2020-04-27
2,46,102.0,2020-04-28
2,47,90.0,2020-04-29
2,48,117.0,2020-04-30
2,49,91.0,2020-05-01
2,50,113.0,2020-05-02
2,51,128.0,2020-05-03
2,52,140.0,2020-05-04
2,53,136.0,2020-05-05
2,54,134.0,2020-05-06
2,55,140.0,2020-05-07
2,56,161.0,2020-05-08
2,57,149.0,2020-05-09
2,58,153.0,2020-05-10
2,59,177.0,2020-05-11
2,60,172.0,2020-05-12
2,61,165.0,2020-05-13
2,62,176.0,2020-05-14
2,63,190.0,2020-05-15
2,64,176.0,2020-05-16
2,65,178.0,2020-05-17
2,66,214.0,2020-05-18
2,67,190.0,2020-05-19
2,68,206.0,2020-05-20
2,69,212.0,2020-05-21
2,70,206.0,2020-05-22
2,71,248.0,2020-05-23
2,72,230.0,2020-05-24
2,73,234.0,2020-05-25
2,74,199.0,2020-05-26
2,75,246.0,2020-05-27
2,76,227.0,2020-05-28
2,77,247.0,2020-05-29
2,78,247.0,2020-05-30
2,79,249.0,2020-05-31
2,80,257.0,2020-06-01
2,81,281.0,2020-06-02
2,82,279.0,2020-06-03
2,83,257.0,2020-06-04
2,84,269.0,2020-06-05
2,85,267.0,2020-06-06
2,86,336.0,2020-06-07
2,87,302.0,2020-06-08
2,88,300.0,2020-06-09
2,89,316.0,2020-06-10
2,90,331.0,2020-06-11
2,91,359.0,2020-06-12
2,92,373.0,2020-06-13
2,93,374.0,2020-06-14
2,94,366.0,2020-06-15
2,95,401.0,2020-06-16
2,96,431.0,2020-06-17
2,97,423.0,2020-06-18
2,98,463.0,2020-06-19
2,99,505.0,2020-06-20
2,100,463.0,2020-06-21
2,101,501.0,2020-06-22
2,102,529.0,2020-06-23
2,103,555.0,2020-06-24
2,104,541.0,2020-06-25
2,105,603.0,2020-06-26
2,106,603.0,2020-06-27
2,107,637.0,2020-06-28
2,108,687.0,2020-06-29
2,109,678.0,2020-06-30
2,110,726.0,2020-02-01
2,111,755.0,2020-02-02
3,1,0.0,2020-03-14
3,2,0.0,2020-03-15
3,3,0.0,2020-03-16
3,4,0.0,2020-03-17
3,5,0.0,2020-03-18
3,6,0.0,2020-03-19
3,7,0.0,2020-03-20
3,8,0.0,2020-03-21
3,9,0.0,2020-03-22
3,10,0.0,2020-03-23
3,11,0.0,2020-03-24
3,12,0.0,2020-03-25
3,13,0.0,2020-03-26
3,14,0.0,2020-03-27
3,15,0.0,2020-03-28
3,16,0.0,2020-03-29
3,17,0.0,2020-03-30
3,18,0.0,2020-03-31
3,19,0.0,2020-04-01
3,20,1.0,2020-04-02
3,21,4.0,2020-04-03
3,22,2.0,2020-04-04
3,23,1.0,2020-04-05
3,24,5.0,2020-04-06
3,25,6.0,2020-04-07
3,26,8.0,2020-04-08
3,27,7.0,2020-04-09
3,28,8.0,2020-04-10
3,29,14.0,2020-04-11
3,30,21.0,2020-04-12
3,31,30.0,2020-04-13
3,32,25.0,2020-04-14
3,33,47.0,2020-04-15
3,34,29.0,2020-04-16
3,35,43.0,2020-04-17
3,36,41.0,2020-04-18
3,37,56.0,2020-04-19
3,38,59.0,2020-04-20
3,39,66.0,2020-04-21
3,40,70.0,2020-04-22
3,41,73.0,2020-04-23
3,42,75.0,2020-04-24
3,43,71.0,2020-04-25
3,44,97.0,2020-04-26
3,45,90.0,2020-04-27
3,46,94.0,2020-04-28
3,47,96.0,2020-04-29
3,48,109.0,2020-04-30
3,49,116.0,2020-05-01
3,50,124.0,2020-05-02
3,51,144.0,2020-05-03
3,52,126.0,2020-05-04
3,53,140.0,2020-05-05
3,54,148.0,2020-05-06
3,55,140.0,2020-05-07
3,56,156.0,2020-05-08
3,57,157.0,2020-05-09
3,58,164.0,2020-05-10
3,59,163.0,2020-05-11
3,60,173.0,2020-05-12
3,61,172.0,2020-05-13
3,62,168.0,2020-05-14
3,63,175.0,2020-05-15
3,64,182.0,2020-05-16
3,65,181.0,2020-05-17
3,66,207.0,2020-05-18
3,67,215.0,2020-05-19
3,68,220.0,2020-05-20
3,69,205.0,2020-05-21
3,70,206.0,2020-05-22
3,71,230.0,2020-05-23
3,72,221.0,2020-05-24
3,73,196.0,2020-05-25
3,74,222.0,2020-05-26
3,75,256.0,2020-05-27
3,76,235.0,2020-05-28
3,77,219.0,2020-05-29
3,78,237.0,2020-05-30
3,79,253.0,2020-05-31
3,80,261.0,2020-06-01
3,81,238.0,2020-06-02
3,82,224.0,2020-06-03
3,83,279.0,2020-06-04
3,84,277.0,2020-06-05
3,85,275.0,2020-06-06
3,86,305.0,2020-06-07
3,87,298.0,2020-06-08
3,88,314.0,2020-06-09
3,89,316.0,2020-06-10
3,90,336.0,2020-06-11
3,91,358.0,2020-06-12
3,92,368.0,2020-06-13
3,93,366.0,2020-06-14
3,94,407.0,2020-06-15
3,95,420.0,2020-06-16
3,96,474.0,2020-06-17
3,97,442.0,2020-06-18
3,98,438.0,2020-06-19
3,99,491.0,2020-06-20
3,100,464.0,2020-06-21
3,101,518.0,2020-06-22
3,102,531.0,2020-06-23
3,103,552.0,2020-06-24
3,104,553.0,2020-06-25
3,105,572.0,2020-06-26
3,106,613.0,2020-06-27
3,107,611.0,2020-06-28
3,108,670.0,2020-06-29
3,109,698.0,2020-06-30
3,110,728.0,2020-02-01
3,111,778.0,2020-02-02
4,1,0.0,2020-03-14
4,2,0.0,2020-03-15
4,3,0.0,2020-03-16
4,4,0.0,2020-03-17
4,5,0.0,2020-03-18
4,6,0.0,2020-03-19
4,7,0.0,2020-03-20
4,8,0.0,2020-03-21
4,9,0.0,2020-03-22
4,10,0.0,2020-03-23
4,11,0.0,2020-03-24
4,12,0.0,2020-03-25
4,13,0.0,2020-03-26
4,14,1.0,2020-03-27
4,15,0.0,2020-03-28
4,16,0.0,2020-03-29
4,17,0.0,2020-03-30
4,18,1.0,2020-03-31
4,19,1.0,2020-04-01
4,20,0.0,2020-04-02
4,21,1.0,2020-04-03
4,22,8.0,2020-04-04
4,23,8.0,2020-04-05
4,24,2.0,2020-04-06
4,25,7.0,2020-04-07
4,26,5.0,2020-04-08
4,27,11.0,2020-04-09
4,28,11.0,2020-04-10
4,29,20.0,2020-04-11
4,30,28.0,2020-04-12
4,31,27.0,2020-04-13
4,32,27.0,2020-04-14
4,33,27.0,2020-04-15
4,34,40.0,2020-04-16
4,35,49.0,2020-04-17
4,36,57.0,2020-04-18
4,37,53.0,2020-04-19
4,38,55.0,2020-04-20
4,39,64.0,2020-04-21
4,40,54.0,2020-04-22
4,41,55.0,2020-04-23
4,42,85.0,2020-04-24
4,43,90.0,2020-04-25
4,44,89.0,2020-04-26
4,45,94.0,2020-04-27
4,46,101.0,2020-04-28
4,47,123.0,2020-04-29
4,48,105.0,2020-04-30
4,49,109.0,2020-05-01
4,50,134.0,2020-05-02
4,51,113.0,2020-05-03
4,52,142.0,2020-05-04
4,53,116.0,2020-05-05
4,54,151.0,2020-05-06
4,55,144.0,2020-05-07
4,56,164.0,2020-05-08
4,57,141.0,2020-05-09
4,58,177.0,2020-05-10
4,59,188.0,2020-05-11
4,60,165.0,2020-05-12
4,61,174.0,2020-05-13
4,62,163.0,2020-05-14
4,63,202.0,2020-05-15
4,64,168.0,2020-05-16
4,65,165.0,2020-05-17
4,66,165.0,2020-05-18
4,67,210.0,2020-05-19
4,68,201.0,2020-05-20
4,69,194.0,2020-05-21
4,70,207.0,2020-05-22
4,71,216.0,2020-05-23
4,72,223.0,2020-05-24
4,73,202.0,2020-05-25
4,74,241.0,2020-05-26
4,75,228.0,2020-05-27
4,76,253.0,2020-05-28
4,77,243.0,2020-05-29
4,78,268.0,2020-05-30
4,79,257.0,2020-05-31
4,80,254.0,2020-06-01
4,81,232.0,2020-06-02
4,82,282.0,2020-06-03
4,83,250.0,2020-06-04
4,84,253.0,2020-06-05
4,85,312.0,2020-06-06
4,86,320.0,2020-06-07
4,87,339.0,2020-06-08
4,88,336.0,2020-06-09
4,89,314.0,2020-06-10
4,90,340.0,2020-06-11
4,91,337.0,2020-06-12
4,92,367.0,2020-06-13
4,93,376.0,2020-06-14
4,94,381.0,2020-06-15
4,95,373.0,2020-06-16
4,96,401.0,2020-06-17
4,97,458.0,2020-06-18
4,98,477.0,2020-06-19
4,99,449.0,2020-06-20
4,100,470.0,2020-06-21
4,101,527.0,2020-06-22
4,102,504.0,2020-06-23
4,103,548.0,2020-06-24
4,104,537.0,2020-06-25
4,105,585.0,2020-06-26
4,106,652.0,2020-06-27
4,107,645.0,2020-06-28
4,108,589.0,2020-06-29
4,109,652.0,2020-06-30
4,110,744.0,2020-02-01
4,111,752.0,2020-02-02
5,1,0.0,2020-03-14
5,2,0.0,2020-03-15
5,3,0.0,2020-03-16
5,4,0.0,2020-03-17
5,5,0.0,2020-03-18
5,6,0.0,2020-03-19
5,7,0.0,2020-03-20
5,8,0.0,2020-03-21
5,9,0.0,2020-03-22
5,10,0.0,2020-03-23
5,11,0.0,2020-03-24
5,12,0.0,2020-03-25
5,13,0.0,2020-03-26
5,14,0.0,2020-03-27
5,15,0.0,2020-03-28
5,16,0.0,2020-03-29
5,17,0.0,2020-03-30
5,18,0.0,2020-03-31
5,19,1.0,2020-04-01
5,20,2.0,2020-04-02
5,21,5.0,2020-04-03
5,22,3.0,2020-04-04
5,23,2.0,2020-04-05
5,24,4.0,2020-04-06
5,25,3.0,2020-04-07
5,26,12.0,2020-04-08
5,27,9.0,2020-04-09
5,28,17.0,2020-04-10
5,29,16.0,2020-04-11
5,30,21.0,2020-04-12
5,31,28.0,2020-04-13
5,32,31.0,2020-04-14
5,33,32.0,2020-04-15
5,34,33.0,2020-04-16
5,35,34.0,2020-04-17
5,36,57.0,2020-04-18
5,37,60.0,2020-04-19
5,38,56.0,2020-04-20
5,39,56.0,2020-04-21
5,40,61.0,2020-04-22
5,41,55.0,2020-04-23
5,42,68.0,2020-04-24
5,43,100.0,2020-04-25
5,44,74.0,2020-04-26
5,45,88.0,2020-04-27
5,46,107.0,2020-04-28
5,47,114.0,2020-04-29
5,48,116.0,2020-04-30
5,49,105.0,2020-05-01
5,50,131.0,2020-05-02
5,51,130.0,2020-05-03
5,52,126.0,2020-05-04
5,53,125.0,2020-05-05
5,54,142.0,2020-05-06
5,55,137.0,2020-05-07
5,56,139.0,2020-05-08
5,57,166.0,2020-05-09
5,58,152.0,2020-05-10
5,59,171.0,2020-05-11
5,60,158.0,2020-05-12
5,61,175.0,2020-05-13
5,62,176.0,2020-05-14
5,63,175.0,2020-05-15
5,64,176.0,2020-05-16
5,65,158.0,2020-05-17
5,66,215.0,2020-05-18
5,67,181.0,2020-05-19
5,68,218.0,2020-05-20
5,69,190.0,2020-05-21
5,70,219.0,2020-05-22
5,71,210.0,2020-05-23
5,72,215.0,2020-05-24
5,73,213.0,2020-05-25
5,74,239.0,2020-05-26
5,75,214.0,2020-05-27
5,76,234.0,2020-05-28
5,77,245.0,2020-05-29
5,78,264.0,2020-05-30
5,79,247.0,2020-05-31
5,80,256.0,2020-06-01
5,81,268.0,2020-06-02
5,82,288.0,2020-06-03
5,83,285.0,2020-06-04
5,84,298.0,2020-06-05
5,85,297.0,2020-06-06
5,86,302.0,2020-06-07
5,87,267.0,2020-06-08
5,88,276.0,2020-06-09
5,89,312.0,2020-06-10
5,90,334.0,2020-06-11
5,91,353.0,2020-06-12
5,92,359.0,2020-06-13
5,93,387.0,2020-06-14
5,94,402.0,2020-06-15
5,95,393.0,2020-06-16
5,96,394.0,2020-06-17
5,97,427.0,2020-06-18
5,98,458.0,2020-06-19
5,99,458.0,2020-06-20
5,100,485.0,2020-06-21
5,101,486.0,2020-06-22
5,102,540.0,2020-06-23
5,103,553.0,2020-06-24
5,104,524.0,2020-06-25
5,105,622.0,2020-06-26
5,106,573.0,2020-06-27
5,107,668.0,2020-06-28
5,108,633.0,2020-06-29
5,109,678.0,2020-06-30
5,110,697.0,2020-02-01
5,111,765.0,2020-02-02
6,1,0.0,2020-03-14
6,2,0.0,2020-03-15
6,3,0.0,2020-03-16
6,4,0.0,2020-03-17
6,5,0.0,2020-03-18
6,6,0.0,2020-03-19
6,7,0.0,2020-03-20
6,8,0.0,2020-03-21
6,9,0.0,2020-03-22
6,10,0.0,2020-03-23
6,11,0.0,2020-03-24
6,12,0.0,2020-03-25
6,13,0.0,2020-03-26
6,14,0.0,2020-03-27
6,15,0.0,2020-03-28
6,16,1.0,2020-03-29
6,17,0.0,2020-03-30
6,18,0.0,2020-03-31
6,19,1.0,2020-04-01
6,20,2.0,2020-04-02
6,21,0.0,2020-04-03
6,22,1.0,2020-04-04
6,23,2.0,2020-04-05
6,24,6.0,2020-04-06
6,25,5.0,2020-04-07
6,26,7.0,2020-04-08
6,27,8.0,2020-04-09
6,28,14.0,2020-04-10
6,29,24.0,2020-04-11
6,30,13.0,2020-04-12
6,31,15.0,2020-04-13
6,32,29.0,2020-04-14
6,33,25.0,2020-04-15
6,34,43.0,2020-04-16
6,35,48.0,2020-04-17
6,36,39.0,2020-04-18
6,37,59.0,2020-04-19
6,38,55.0,2020-04-20
6,39,56.0,2020-04-21
6,40,60.0,2020-04-22
6,41,87.0,2020-04-23
6,42,75.0,2020-04-24
6,43,88.0,2020-04-25
6,44,88.0,2020-04-26
6,45,84.0,2020-04-27
6,46,107.0,2020-04-28
6,47,101.0,2020-04-29
6,48,128.0,2020-04-30
6,49,99.0,2020-05-01
6,50,127.0,2020-05-02
6,51,124.0,2020-05-03
6,52,142.0,2020-05-04
6,53,136.0,2020-05-05
6,54,124.0,2020-05-06
6,55,127.0,2020-05-07
6,56,120.0,2020-05-08
6,57,183.0,2020-05-09
6,58,149.0,2020-05-10
6,59,171.0,2020-05-11
6,60,149.0,2020-05-12
6,61,183.0,2020-05-13
6,62,164.0,2020-05-14
6,63,165.0,2020-05-15
6,64,156.0,2020-05-16
6,65,185.0,2020-05-17
6,66,199.0,2020-05-18
6,67,199.0,2020-05-19
6,68,194.0,2020-05-20
6,69,216.0,2020-05-21
6,70,210.0,2020-05-22
6,71,221.0,2020-05-23
6,72,221.0,2020-05-24
6,73,216.0,2020-05-25
6,74,237.0,2020-05-26
6,75,232.0,2020-05-27
6,76,232.0,2020-05-28
6,77,212.0,2020-05-29
6,78,244.0,2020-05-30
6,79,239.0,2020-05-31
6,80,238.0,2020-06-01
6,81,256.0,2020-06-02
6,82,284.0,2020-06-03
6,83,276.0,2020-06-04
6,84,273.0,2020-06-05
6,85,280.0,2020-06-06
6,86,323.0,2020-06-07
6,87,301.0,2020-06-08
6,88,310.0,2020-06-09
6,89,354.0,2020-06-10
6,90,326.0,2020-06-11
6,91,368.0,2020-06-12
6,92,366.0,2020-06-13
6,93,389.0,2020-06-14
6,94,391.0,2020-06-15
6,95,429.0,2020-06-16
6,96,428.0,2020-06-17
6,97,432.0,2020-06-18
6,98,469.0,2020-06-19
6,99,438.0,2020-06-20
6,100,435.0,2020-06-21
6,101,501.0,2020-06-22
6,102,505.0,2020-06-23
6,103,567.0,2020-06-24
6,104,538.0,2020-06-25
6,105,575.0,2020-06-26
6,106,586.0,2020-06-27
6,107,602.0,2020-06-28
6,108,646.0,2020-06-29
6,109,675.0,2020-06-30
6,110,720.0,2020-02-01
6,111,716.0,2020-02-02
7,1,0.0,2020-03-14
7,2,0.0,2020-03-15
7,3,0.0,2020-03-16
7,4,0.0,2020-03-17
7,5,0.0,2020-03-18
7,6,0.0,2020-03-19
7,7,0.0,2020-03-20
7,8,0.0,2020-03-21
7,9,0.0,2020-03-22
7,10,0.0,2020-03-23
7,11,0.0,2020-03-24
7,12,0.0,2020-03-25
7,13,1.0,2020-03-26
7,14,0.0,2020-03-27
7,15,0.0,2020-03-28
7,16,1.0,2020-03-29
7,17,0.0,2020-03-30
7,18,1.0,2020-03-31
7,19,1.0,2020-04-01
7,20,1.0,2020-04-02
7,21,1.0,2020-04-03
7,22,3.0,2020-04-04
7,23,6.0,2020-04-05
7,24,7.0,2020-04-06
7,25,4.0,2020-04-07
7,26,9.0,2020-04-08
7,27,10.0,2020-04-09
7,28,15.0,2020-04-10
7,29,17.0,2020-04-11
7,30,22.0,2020-04-12
7,31,28.0,2020-04-13
7,32,28.0,2020-04-14
7,33,32.0,2020-04-15
7,34,46.0,2020-04-16
7,35,55.0,2020-04-17
7,36,50.0,2020-04-18
7,37,53.0,2020-04-19
7,38,60.0,2020-04-20
7,39,56.0,2020-04-21
7,40,73.0,2020-04-22
7,41,74.0,2020-04-23
7,42,94.0,2020-04-24
7,43,81.0,2020-04-25
7,44,80.0,2020-04-26
7,45,117.0,2020-04-27
7,46,103.0,2020-04-28
7,47,90.0,2020-04-29
7,48,113.0,2020-04-30
7,49,113.0,2020-05-01
7,50,109.0,2020-05-02
7,51,128.0,2020-05-03
7,52,135.0,2020-05-04
7,53,136.0,2020-05-05
7,54,122.0,2020-05-06
7,55,123.0,2020-05-07
7,56,156.0,2020-05-08
7,57,154.0,2020-05-09
7,58,167.0,2020-05-10
7,59,175.0,2020-05-11
7,60,153.0,2020-05-12
7,61,144.0,2020-05-13
7,62,159.0,2020-05-14
7,63,185.0,2020-05-15
7,64,178.0,2020-05-16
7,65,183.0,2020-05-17
7,66,167.0,2020-05-18
7,67,180.0,2020-05-19
7,68,217.0,2020-05-20
7,69,207.0,2020-05-21
7,70,194.0,2020-05-22
7,71,205.0,2020-05-23
7,72,204.0,2020-05-24
7,73,220.0,2020-05-25
7,74,220.0,2020-05-26
7,75,229.0,2020-05-27
7,76,237.0,2020-05-28
7,77,229.0,2020-05-29
7,78,242.0,2020-05-30
7,79,232.0,2020-05-31
7,80,225.0,2020-06-01
7,81,269.0,2020-06-02
7,82,267.0,2020-06-03
7,83,250.0,2020-06-04
7,84,281.0,2020-06-05
7,85,277.0,2020-06-06
7,86,295.0,2020-06-07
7,87,326.0,2020-06-08
7,88,331.0,2020-06-09
7,89,308.0,2020-06-10
7,90,351.0,2020-06-11
7,91,325.0,2020-06-12
7,92,384.0,2020-06-13
7,93,382.0,2020-06-14
7,94,395.0,2020-06-15
7,95,418.0,2020-06-16
7,96,410.0,2020-06-17
7,97,443.0,2020-06-18
7,98,428.0,2020-06-19
7,99,422.0,2020-06-20
7,100,461.0,2020-06-21
7,101,506.0,2020-06-22
7,102,528.0,2020-06-23
7,103,545.0,2020-06-24
7,104,555.0,2020-06-25
7,105,601.0,2020-06-26
7,106,557.0,2020-06-27
7,107,656.0,2020-06-28
7,108,640.0,2020-06-29
7,109,767.0,2020-06-30
7,110,697.0,2020-02-01
7,111,755.0,2020-02-02
8,1,0.0,2020-03-14
8,2,0.0,2020-03-15
8,3,0.0,2020-03-16
8,4,0.0,2020-03-17
8,5,0.0,2020-03-18
8,6,0.0,2020-03-19
8,7,0.0,2020-03-20
8,8,0.0,2020-03-21
8,9,0.0,2020-03-22
8,10,0.0,2020-03-23
8,11,0.0,2020-03-24
8,12,0.0,2020-03-25
8,13,1.0,2020-03-26
8,14,0.0,2020-03-27
8,15,0.0,2020-03-28
8,16,0.0,2020-03-29
8,17,0.0,2020-03-30
8,18,0.0,2020-03-31
8,19,0.0,2020-04-01
8,20,1.0,2020-04-02
8,21,0.0,2020-04-03
8,22,1.0,2020-04-04
8,23,6.0,2020-04-05
8,24,5.0,2020-04-06
8,25,6.0,2020-04-07
8,26,4.0,2020-04-08
8,27,10.0,2020-04-09
8,28,19.0,2020-04-10
8,29,16.0,2020-04-11
8,30,22.0,2020-04-12
8,31,24.0,2020-04-13
8,32,25.0,2020-04-14
8,33,36.0,2020-04-15
8,34,51.0,2020-04-16
8,35,43.0,2020-04-17
8,36,39.0,2020-04-18
8,37,56.0,2020-04-19
8,38,49.0,2020-04-20
8,39,52.0,2020-04-21
8,40,75.0,2020-04-22
8,41,81.0,2020-04-23
8,42,81.0,2020-04-24
8,43,93.0,2020-04-25
8,44,95.0,2020-04-26
8,45,99.0,2020-04-27
8,46,125.0,2020-04-28
8,47,110.0,2020-04-29
8,48,105.0,2020-04-30
8,49,138.0,2020-05-01
8,50,135.0,2020-05-02
8,51,132.0,2020-05-03
8,52,118.0,2020-05-04
8,53,133.0,2020-05-05
8,54,124.0,2020-05-06
8,55,167.0,2020-05-07
8,56,151.0,2020-05-08
8,57,147.0,2020-05-09
8,58,166.0,2020-05-10
8,59,158.0,2020-05-11
8,60,160.0,2020-05-12
8,61,156.0,2020-05-13
8,62,162.0,2020-05-14
8,63,185.0,2020-05-15
8,64,211.0,2020-05-16
8,65,175.0,2020-05-17
8,66,189.0,2020-05-18
8,67,212.0,2020-05-19
8,68,198.0,2020-05-20
8,69,205.0,2020-05-21
8,70,198.0,2020-05-22
8,71,222.0,2020-05-23
8,72,196.0,2020-05-24
8,73,194.0,2020-05-25
8,74,231.0,2020-05-26
8,75,216.0,2020-05-27
8,76,235.0,2020-05-28
8,77,224.0,2020-05-29
8,78,243.0,2020-05-30
8,79,225.0,2020-05-31
8,80,220.0,2020-06-01
8,81,276.0,2020-06-02
8,82,281.0,2020-06-03
8,83,279.0,2020-06-04
8,84,271.0,2020-06-05
8,85,284.0,2020-06-06
8,86,274.0,2020-06-07
8,87,288.0,2020-06-08
8,88,330.0,2020-06-09
8,89,320.0,2020-06-10
8,90,354.0,2020-06-11
8,91,342.0,2020-06-12
8,92,395.0,2020-06-13
8,93,389.0,2020-06-14
8,94,407.0,2020-06-15
8,95,409.0,2020-06-16
8,96,434.0,2020-06-17
8,97,407.0,2020-06-18
8,98,465.0,2020-06-19
8,99,474.0,2020-06-20
8,100,483.0,2020-06-21
8,101,480.0,2020-06-22
8,102,510.0,2020-06-23
8,103,520.0,2020-06-24
8,104,540.0,2020-06-25
8,105,640.0,2020-06-26
8,106,615.0,2020-06-27
8,107,627.0,2020-06-28
8,108,631.0,2020-06-29
8,109,707.0,2020-06-30
8,110,779.0,2020-02-01
8,111,763.0,2020-02-02
9,1,0.0,2020-03-14
9,2,0.0,2020-03-15
9,3,0.0,2020-03-16
9,4,0.0,2020-03-17
9,5,0.0,2020-03-18
9,6,0.0,2020-03-19
9,7,0.0,2020-03-20
9,8,0.0,2020-03-21
9,9,0.0,2020-03-22
9,10,0.0,2020-03-23
9,11,0.0,2020-03-24
9,12,0.0,2020-03-25
9,13,0.0,2020-03-26
9,14,0.0,2020-03-27
9,15,0.0,2020-03-28
9,16,0.0,2020-03-29
9,17,0.0,2020-03-30
9,18,0.0,2020-03-31
9,19,1.0,2020-04-01
9,20,0.0,2020-04-02
9,21,1.0,2020-04-03
9,22,4.0,2020-04-04
9,23,2.0,2020-04-05
9,24,6.0,2020-04-06
9,25,5.0,2020-04-07
9,26,7.0,2020-04-08
9,27,16.0,2020-04-09
9,28,9.0,2020-04-10
9,29,21.0,2020-04-11
9,30,22.0,2020-04-12
9,31,39.0,2020-04-13
9,32,33.0,2020-04-14
9,33,39.0,2020-04-15
9,34,36.0,2020-04-16
9,35,41.0,2020-04-17
9,36,39.0,2020-04-18
9,37,54.0,2020-04-19
9,38,60.0,2020-04-20
9,39,56.0,2020-04-21
9,40,63.0,2020-04-22
9,41,71.0,2020-04-23
9,42,73.0,2020-04-24
9,43,75.0,2020-04-25
9,44,86.0,2020-04-26
9,45,76.0,2020-04-27
9,46,91.0,2020-04-28
9,47,95.0,2020-04-29
9,48,98.0,2020-04-30
9,49,111.0,2020-05-01
9,50,115.0,2020-05-02
9,51,138.0,2020-05-03
9,52,143.0,2020-05-04
9,53,114.0,2020-05-05
9,54,107.0,2020-05-06
9,55,140.0,2020-05-07
9,56,156.0,2020-05-08
9,57,141.0,2020-05-09
9,58,141.0,2020-05-10
9,59,188.0,2020-05-11
9,60,145.0,2020-05-12
9,61,167.0,2020-05-13
9,62,168.0,2020-05-14
9,63,179.0,2020-05-15
9,64,183.0,2020-05-16
9,65,182.0,2020-05-17
9,66,181.0,2020-05-18
9,67,192.0,2020-05-19
9,68,182.0,2020-05-20
9,69,202.0,2020-05-21
9,70,206.0,2020-05-22
9,71,228.0,2020-05-23
9,72,210.0,2020-05-24
9,73,204.0,2020-05-25
9,74,217.0,2020-05-26
9,75,215.0,2020-05-27
9,76,222.0,2020-05-28
9,77,231.0,2020-05-29
9,78,225.0,2020-05-30
9,79,254.0,2020-05-31
9,80,255.0,2020-06-01
9,81,265.0,2020-06-02
9,82,251.0,2020-06-03
9,83,296.0,2020-06-04
9,84,288.0,2020-06-05
9,85,303.0,2020-06-06
9,86,288.0,2020-06-07
9,87,310.0,2020-06-08
9,88,326.0,2020-06-09
9,89,335.0,2020-06-10
9,90,359.0,2020-06-11
9,91,329.0,2020-06-12
9,92,386.0,2020-06-13
9,93,424.0,2020-06-14
9,94,386.0,2020-06-15
9,95,381.0,2020-06-16
9,96,393.0,2020-06-17
9,97,447.0,2020-06-18
9,98,427.0,2020-06-19
9,99,485.0,2020-06-20
9,100,461.0,2020-06-21
9,101,472.0,2020-06-22
9,102,492.0,2020-06-23
9,103,513.0,2020-06-24
9,104,551.0,2020-06-25
9,105,602.0,2020-06-26
9,106,569.0,2020-06-27
9,107,611.0,2020-06-28
9,108,699.0,2020-06-29
9,109,710.0,2020-06-30
9,110,788.0,2020-02-01
9,111,779.0,2020-02-02
10,1,0.0,2020-03-14
10,2,0.0,2020-03-15
10,3,0.0,2020-03-16
10,4,0.0,2020-03-17
10,5,0.0,2020-03-18
10,6,0.0,2020-03-19
10,7,0.0,2020-03-20
10,8,0.0,2020-03-21
10,9,0.0,2020-03-22
10,10,0.0,2020-03-23
10,11,0.0,2020-03-24
10,12,0.0,2020-03-25
10,13,0.0,2020-03-26
10,14,0.0,2020-03-27
10,15,0.0,2020-03-28
10,16,0.0,2020-03-29
10,17,0.0,2020-03-30
10,18,0.0,2020-03-31
10,19,0.0,2020-04-01
10,20,3.0,2020-04-02
10,21,2.0,2020-04-03
10,22,1.0,2020-04-04
10,23,3.0,2020-04-05
10,24,4.0,2020-04-06
10,25,7.0,2020-04-07
10,26,8.0,2020-04-08
10,27,8.0,2020-04-09
10,28,14.0,2020-04-10
10,29,11.0,2020-04-11
10,30,20.0,2020-04-12
10,31,24.0,2020-04-13
10,32,30.0,2020-04-14
10,33,22.0,2020-04-15
10,34,42.0,2020-04-16
10,35,42.0,2020-04-17
10,36,43.0,2020-04-18
10,37,58.0,2020-04-19
10,38,66.0,2020-04-20
10,39,77.0,2020-04-21
10,40,66.0,2020-04-22
10,41,61.0,2020-04-23
10,42,75.0,2020-04-24
10,43,69.0,2020-04-25
10,44,81.0,2020-04-26
10,45,89.0,2020-04-27
10,46,99.0,2020-04-28
10,47,96.0,2020-04-29
10,48,125.0,2020-04-30
10,49,113.0,2020-05-01
10,50,117.0,2020-05-02
10,51,124.0,2020-05-03
10,52,118.0,2020-05-04
10,53,135.0,2020-05-05
10,54,148.0,2020-05-06
10,55,157.0,2020-05-07
10,56,147.0,2020-05-08
10,57,133.0,2020-05-09
10,58,157.0,2020-05-10
10,59,175.0,2020-05-11
10,60,170.0,2020-05-12
10,61,176.0,2020-05-13
10,62,183.0,2020-05-14
10,63,160.0,2020-05-15
10,64,166.0,2020-05-16
10,65,154.0,2020-05-17
10,66,210.0,2020-05-18
10,67,177.0,2020-05-19
10,68,199.0,2020-05-20
10,69,193.0,2020-05-21
10,70,193.0,2020-05-22
10,71,190.0,2020-05-23
10,72,177.0,2020-05-24
10,73,203.0,2020-05-25
10,74,216.0,2020-05-26
10,75,225.0,2020-05-27
10,76,212.0,2020-05-28
10,77,236.0,2020-05-29
10,78,263.0,2020-05-30
10,79,263.0,2020-05-31
10,80,279.0,2020-06-01
10,81,224.0,2020-06-02
10,82,262.0,2020-06-03
10,83,275.0,2020-06-04
10,84,293.0,2020-06-05
10,85,308.0,2020-06-06
10,86,255.0,2020-06-07
10,87,301.0,2020-06-08
10,88,292.0,2020-06-09
10,89,357.0,2020-06-10
10,90,349.0,2020-06-11
10,91,377.0,2020-06-12
10,92,336.0,2020-06-13
10,93,373.0,2020-06-14
10,94,422.0,2020-06-15
10,95,408.0,2020-06-16
10,96,413.0,2020-06-17
10,97,442.0,2020-06-18
10,98,476.0,2020-06-19
10,99,413.0,2020-06-20
10,100,453.0,2020-06-21
10,101,485.0,2020-06-22
10,102,500.0,2020-06-23
10,103,547.0,2020-06-24
10,104,592.0,2020-06-25
10,105,558.0,2020-06-26
10,106,595.0,2020-06-27
10,107,650.0,2020-06-28
10,108,634.0,2020-06-29
10,109,731.0,2020-06-30
10,110,711.0,2020-02-01
10,111,785.0,2020-02-02
