t,IH,X,zone
1,0.0,1.0,CH
2,2.2e-07,1.0,CH
3,5.22e-07,1.0,CH
4,5.72e-07,1.0,CH
5,5.979999999999999e-07,1.0,CH
6,2.01e-06,1.0,CH
7,2.48e-06,1.0,CH
8,4.51e-06,1.0,CH
9,5.17e-06,1.0,CH
10,1.01e-05,0.1,CH
11,1.4000000000000001e-05,0.1,CH
12,2.44e-05,0.1,CH
13,3.5799999999999996e-05,0.1,CH
14,5.25e-05,0.1,CH
15,7.049999999999999e-05,0.1,CH
16,8.18e-05,0.1,CH
17,0.000109296,0.1,CH
18,0.000202342,0.1,CH
19,0.00033546199999999997,0.1,CH
20,0.000447959,0.1,CH
21,0.000643817,0.1,CH
22,0.0008724469999999999,0.1,CH
23,0.001229164,0.1,CH
24,0.001559979,0.1,CH
25,0.002046854,0.1,CH
26,0.002094892,0.1,CH
27,0.0024542879999999998,0.1,CH
28,0.003260827,0.1,CH
29,0.004081803,0.1,CH
30,0.004336892,0.1,CH
31,0.005115196,0.1,CH
32,0.005138353,0.1,CH
33,0.006013663000000001,0.1,CH
34,0.006912361,0.1,CH
35,0.00759799,0.1,CH
36,0.008289438,0.1,CH
37,0.008289526,0.1,CH
38,0.008299039,0.1,CH
39,0.00886207,0.1,CH
40,0.009602331,0.1,CH
41,0.010220805,0.1,CH
42,0.011427,0.1,CH
43,0.012018126,0.1,CH
44,0.013062238,0.1,CH
45,0.013063861000000001,0.1,CH
46,0.014168485,0.1,CH
47,0.015341044,0.1,CH
48,0.016236941,0.1,CH
49,0.017413103,0.1,CH
50,0.017432931000000002,0.1,CH
51,0.018238743999999998,0.1,CH
52,0.019341557,0.1,CH
53,0.02000063,0.1,CH
54,0.021720998,0.1,CH
55,0.022781872,0.1,CH
56,0.024219288,0.1,CH
57,0.025054977000000003,0.1,CH
58,0.026732607999999998,0.3,CH
59,0.028145133,0.3,CH
60,0.029599821000000002,0.3,CH
61,0.030908634,0.3,CH
62,0.032128598,0.3,CH
63,0.034132002,0.3,CH
64,0.035381151,0.3,CH
65,0.037987642,0.3,CH
66,0.040530443,0.3,CH
67,0.041170545,0.3,CH
68,0.043767453,0.3,CH
69,0.046286087999999996,0.3,CH
70,0.048200232,0.3,CH
71,0.050107423,0.3,CH
72,0.051860715999999994,0.3,CH
73,0.054353517999999997,0.3,CH
74,0.056914216,0.3,CH
75,0.060964665999999994,0.3,CH
76,0.065029169,0.3,CH
77,0.06691282,0.3,CH
78,0.070999642,0.3,CH
79,0.074715541,0.3,CH
80,0.077465401,0.3,CH
81,0.081926767,0.3,CH
82,0.087417513,0.3,CH
83,0.09300904900000001,0.3,CH
84,0.098492766,0.3,CH
85,0.102964333,0.3,CH
86,0.10869987,0.3,CH
87,0.11415099,0.3,CH
88,0.120225579,0.3,CH
89,0.12481797900000001,0.3,CH
90,0.131521172,0.3,CH
91,0.143788417,0.3,CH
92,0.15764582,0.3,CH
93,0.173497645,0.3,CH
94,0.19235521600000002,0.3,CH
95,0.212059986,0.3,CH
96,0.237277255,0.3,CH
97,0.262982699,0.3,CH
98,0.296430496,0.3,CH
99,0.32495641399999997,0.05,CH
100,0.36277825799999996,0.05,CH
101,0.429539725,0.05,CH
102,0.505107801,0.05,CH
103,0.59300539,0.05,CH
104,0.7420670309999999,0.05,CH
105,0.951065163,0.05,CH
106,1.244883637,0.05,CH
107,1.661399829,0.05,CH
108,2.130863644,0.05,CH
109,2.696441628,0.05,CH
110,3.441292981,0.05,CH
111,4.37932233,0.05,CH
112,5.519753415,0.05,CH
113,6.98058355,0.05,CH
114,8.871359203999999,0.05,CH
115,11.28909713,0.05,CH
116,13.97720707,0.05,CH
117,17.57453902,0.05,CH
118,22.09782507,0.05,CH
119,27.77468451,0.05,CH
120,34.80466441,0.05,CH
121,43.64420592,0.05,CH
122,55.18893795,0.05,CH
123,68.66773021,0.05,CH
124,85.91399727,0.05,CH
125,107.2432926,0.05,CH
126,134.7388563,0.05,CH
127,168.7133802,0.05,CH
128,208.62652930000002,0.05,CH
129,253.68566620000001,0.05,CH
130,302.8176356,0.05,CH
131,354.8700063,0.05,CH
132,408.7140111,0.05,CH
133,463.30876229999996,0.05,CH
134,517.7447900000001,0.05,CH
135,571.2538076000001,0.05,CH
136,623.2102151,0.05,CH
137,673.1239846,0.05,CH
138,720.6275952000001,0.05,CH
139,765.4464855,0.05,CH
140,807.4120962999999,0.05,CH
141,846.4179905,0.05,CH
142,882.4196238,0.05,CH
143,915.4372392999999,0.05,CH
144,945.5123396,0.05,CH
145,972.7301499,0.05,CH
146,997.1868043,0.05,CH
147,1018.9961050000001,0.05,CH
148,1038.289331,0.05,CH
149,1055.18994,0.05,CH
150,1069.844315,0.05,CH
151,1082.384642,0.05,CH
152,1092.9413470000002,0.05,CH
153,1101.649047,0.05,CH
154,1108.627483,0.05,CH
155,1113.99844,0.05,CH
156,1117.874509,0.05,CH
157,1120.365262,0.05,CH
158,1121.5746359999998,0.05,CH
159,1121.593617,0.05,CH
160,1120.513774,0.05,CH
161,1118.416299,0.05,CH
162,1115.374803,0.05,CH
163,1111.466618,0.05,CH
164,1106.757678,0.05,CH
165,1101.3105369999998,0.05,CH
166,1095.18182,0.05,CH
167,1088.423802,0.05,CH
168,1081.086477,0.05,CH
169,1073.212541,0.05,CH
170,1064.849776,0.05,CH
171,1056.037315,0.05,CH
172,1046.810458,0.05,CH
173,1037.204632,0.05,CH
174,1027.250703,0.05,CH
175,1016.977246,0.05,CH
176,1006.412355,0.05,CH
177,995.5846310000001,0.05,CH
178,984.5185835000001,0.05,CH
179,973.2361817,0.05,CH
180,961.7592175000001,0.05,CH
181,950.1073554999999,0.05,CH
182,938.2974142999999,0.05,CH
183,926.350254,0.05,CH
184,914.2840053,0.05,CH
185,902.1140270999999,0.05,CH
186,889.8553066,0.05,CH
187,877.5220249,0.05,CH
188,865.1271277999999,0.05,CH
189,852.6821556,0.05,CH
190,840.202674,0.05,CH
191,827.7044164,0.05,CH
192,816.2293578,0.05,CH
193,803.7126155,0.05,CH
194,791.2031944,0.05,CH
195,778.7091197999999,0.05,CH
196,766.2391332000001,0.05,CH
197,753.8049129999999,0.05,CH
198,741.4138329,0.05,CH
199,729.0730842,0.05,CH
200,716.7899687,0.05,CH
201,704.5707956,0.05,CH
202,692.4203963,0.05,CH
203,680.3468193,0.05,CH
204,668.3578727000001,0.05,CH
205,656.4580625,0.05,CH
206,644.6517787,0.05,CH
207,632.9439236000001,0.05,CH
208,621.3380785,0.05,CH
209,609.8366886,0.05,CH
210,598.4484054,0.05,CH
211,587.1767114,0.05,CH
212,576.0252431,0.05,CH
213,564.9969247,0.05,CH
214,554.0941792,0.05,CH
215,543.3185875,0.05,CH
216,532.6715791,0.05,CH
217,522.157576,0.05,CH
218,511.77777080000004,0.05,CH
219,501.53330199999994,0.05,CH
220,491.42586009999997,0.05,CH
221,481.45598089999993,0.05,CH
222,471.6239046,0.05,CH
223,461.9315075,0.05,CH
224,452.3806351,0.05,CH
225,442.9717829,0.05,CH
226,433.7047505,0.05,CH
227,424.58013669999997,0.05,CH
228,415.59761380000003,0.05,CH
229,406.7562309,0.05,CH
230,398.0581099,0.05,CH
231,389.50280089999995,0.05,CH
232,381.089875,0.05,CH
233,372.8187611,0.05,CH
234,364.6888028,0.05,CH
235,356.69909,0.05,CH
236,348.8482714,0.05,CH
237,341.1373517,0.05,CH
238,333.5651608,0.05,CH
239,326.1303488,0.05,CH
240,318.8322108,0.05,CH
241,311.6690517,0.05,CH
242,304.639188,0.05,CH
243,297.7420171,0.05,CH
244,290.97688930000004,0.05,CH
245,284.3425244,0.05,CH
246,277.8369765,0.05,CH
247,271.45901410000005,0.05,CH
248,265.2068559,0.05,CH
249,259.07819190000004,0.05,CH
250,253.0729943,0.05,CH
251,247.18947230000003,0.05,CH
252,241.42605330000004,0.05,CH
253,235.78117650000002,0.05,CH
254,230.25291140000002,0.05,CH
255,224.8393381,0.05,CH
256,219.538221,0.05,CH
257,214.34938480000002,0.05,CH
258,209.27084150000002,0.05,CH
259,204.3004003,0.05,CH
260,199.43658169999998,0.05,CH
261,194.677206,0.05,CH
262,190.02000890000002,0.05,CH
263,185.46401619999997,0.05,CH
264,181.0082178,0.05,CH
265,176.65069309999998,0.05,CH
266,172.38922340000002,0.05,CH
267,168.22218769999998,0.05,CH
268,164.147647,0.05,CH
269,160.1630405,0.05,CH
270,156.2686522,0.05,CH
271,152.4627179,0.05,CH
272,148.74302680000002,0.05,CH
273,145.10784640000003,0.05,CH
274,141.5553696,0.05,CH
275,138.0836716,0.05,CH
276,134.690791,0.05,CH
277,131.3772719,0.05,CH
278,128.1410193,0.05,CH
279,124.979767,0.05,CH
280,121.8921173,0.05,CH
281,118.8762132,0.05,CH
282,115.92963710000001,0.05,CH
283,113.05096940000001,0.05,CH
284,110.23939569999999,0.05,CH
285,107.49373659999999,0.05,CH
286,104.8125523,0.05,CH
287,102.19467840000002,0.05,CH
288,99.63884216,0.05,CH
289,97.26386504,0.05,CH
290,94.94727653,0.05,CH
291,92.73047521,0.05,CH
292,90.82360833,0.05,CH
293,89.37168795,0.05,CH
294,88.52595142,0.3,CH
295,88.44155454,0.3,CH
296,89.27958215,0.3,CH
297,91.21067753,0.3,CH
298,94.07948422,0.3,CH
299,98.20433427,0.3,CH
300,103.98412809999999,0.3,CH
301,111.8002225,0.3,CH
302,121.42442630000001,0.3,CH
303,132.6181827,0.3,CH
304,145.03726980000002,0.3,CH
305,158.28671640000002,0.3,CH
306,171.9751565,0.3,CH
307,185.7424071,0.3,CH
308,199.27244209999998,0.05,CH
309,212.29802239999998,0.05,CH
310,224.33843030000003,0.05,CH
311,235.57903219999997,0.05,CH
312,245.64029759999997,0.05,CH
313,255.0924656,0.05,CH
314,263.4328597,0.05,CH
315,270.6410806,0.05,CH
316,276.7267809,0.05,CH
317,281.714931,0.05,CH
318,285.64592739999995,0.05,CH
319,288.57155950000003,0.05,CH
320,290.54690869999996,0.05,CH
321,291.63691539999996,0.05,CH
322,291.9048432,0.05,CH
323,291.4178023,0.05,CH
324,290.2454112,0.05,CH
325,288.45120049999997,0.05,CH
326,286.10038810000003,0.05,CH
327,283.25267030000003,0.05,CH
328,279.9655142,0.05,CH
329,276.29321319999997,0.05,CH
330,272.28564680000005,0.05,CH
331,267.9914924,0.05,CH
332,263.45298959999997,0.05,CH
333,258.7096159,0.05,CH
334,253.79791380000003,0.05,CH
335,248.7501476,0.05,CH
336,243.59598480000002,0.05,CH
337,238.36324469999997,0.05,CH
338,233.0763185,0.05,CH
339,227.7563755,0.05,CH
340,222.4225097,0.05,CH
341,217.09182740000003,0.05,CH
342,211.779059,0.05,CH
343,206.4972845,0.05,CH
344,201.25929319999997,0.05,CH
345,196.0749959,0.05,CH
346,190.9525999,0.05,CH
347,186.1466773,0.05,CH
348,181.33320559999999,0.05,CH
349,176.4276014,0.05,CH
350,171.60707659999997,0.05,CH
351,166.8749965,0.05,CH
352,162.23643140000001,0.05,CH
353,157.88712980000003,0.05,CH
354,153.42846699999998,0.05,CH
355,149.07355159999997,0.05,CH
356,144.813572,0.05,CH
357,140.64838500000002,0.05,CH
358,136.5796431,0.05,CH
359,132.60706670000002,0.05,CH
360,128.7305057,0.05,CH
361,124.9500595,0.05,CH
362,121.26467859999998,0.05,CH
363,117.67337859999998,0.05,CH
364,114.17701570000001,0.05,CH
365,110.77431659999999,0.05,CH
1,0.0,1.0,Metrop
2,3.3700000000000004e-08,1.0,Metrop
3,2.2699999999999998e-07,1.0,Metrop
4,2.5399999999999997e-07,1.0,Metrop
5,2.66e-07,1.0,Metrop
6,1.05e-06,1.0,Metrop
7,1.41e-06,1.0,Metrop
8,2.77e-06,1.0,Metrop
9,3.35e-06,1.0,Metrop
10,6.96e-06,0.1,Metrop
11,1.06e-05,0.1,Metrop
12,2.25e-05,0.1,Metrop
13,4.8200000000000006e-05,0.1,Metrop
14,6.55e-05,0.1,Metrop
15,8.35e-05,0.1,Metrop
16,9.14e-05,0.1,Metrop
17,0.000108308,0.1,Metrop
18,0.000176875,0.1,Metrop
19,0.000286937,0.1,Metrop
20,0.000394355,0.1,Metrop
21,0.000591314,0.1,Metrop
22,0.000817122,0.1,Metrop
23,0.001242625,0.1,Metrop
24,0.001876331,0.1,Metrop
25,0.002503376,0.1,Metrop
26,0.002552454,0.1,Metrop
27,0.002884642,0.1,Metrop
28,0.003639588,0.1,Metrop
29,0.004405719000000001,0.1,Metrop
30,0.004656859,0.1,Metrop
31,0.005427237,0.1,Metrop
32,0.005449951999999999,0.1,Metrop
33,0.006330926,0.1,Metrop
34,0.007461061,0.1,Metrop
35,0.008624635,0.1,Metrop
36,0.009494335,0.1,Metrop
37,0.009494429,0.1,Metrop
38,0.00950447,0.1,Metrop
39,0.010031159,0.1,Metrop
40,0.010741133,0.1,Metrop
41,0.011302787,0.1,Metrop
42,0.012415131999999999,0.1,Metrop
43,0.01298765,0.1,Metrop
44,0.014017792,0.1,Metrop
45,0.014019377,0.1,Metrop
46,0.015108538999999999,0.1,Metrop
47,0.016484929,0.1,Metrop
48,0.018195584,0.1,Metrop
49,0.019738402,0.1,Metrop
50,0.019759901,0.1,Metrop
51,0.020501012,0.1,Metrop
52,0.021537804,0.1,Metrop
53,0.022111414,0.1,Metrop
54,0.02366571,0.1,Metrop
55,0.024674485,0.1,Metrop
56,0.026079564,0.1,Metrop
57,0.026839973,0.1,Metrop
58,0.028602008999999998,0.3,Metrop
59,0.030943382999999998,0.3,Metrop
60,0.033335985,0.3,Metrop
61,0.034868502999999995,0.3,Metrop
62,0.035976993,0.3,Metrop
63,0.037756586,0.3,Metrop
64,0.038941747,0.3,Metrop
65,0.041280393,0.3,Metrop
66,0.04371727,0.3,Metrop
67,0.044302247,0.3,Metrop
68,0.046909339,0.3,Metrop
69,0.050601608,0.3,Metrop
70,0.054164048,0.3,Metrop
71,0.056647826,0.3,Metrop
72,0.058217303,0.3,Metrop
73,0.060534924000000004,0.3,Metrop
74,0.062825258,0.3,Metrop
75,0.066431558,0.3,Metrop
76,0.070281296,0.3,Metrop
77,0.072073798,0.3,Metrop
78,0.07620363,0.3,Metrop
79,0.08171051900000001,0.3,Metrop
80,0.087067785,0.3,Metrop
81,0.092465835,0.3,Metrop
82,0.09748496599999999,0.3,Metrop
83,0.102534465,0.3,Metrop
84,0.107410949,0.3,Metrop
85,0.11149813199999999,0.3,Metrop
86,0.117040987,0.3,Metrop
87,0.122761405,0.3,Metrop
88,0.13118678,0.3,Metrop
89,0.142015564,0.3,Metrop
90,0.150998561,0.3,Metrop
91,0.162882915,0.3,Metrop
92,0.175091513,0.3,Metrop
93,0.189449852,0.3,Metrop
94,0.20621591,0.3,Metrop
95,0.224712642,0.3,Metrop
96,0.24986514699999998,0.3,Metrop
97,0.277182246,0.3,Metrop
98,0.32016622699999997,0.3,Metrop
99,0.377632904,0.3,Metrop
100,0.42768507299999997,0.3,Metrop
101,0.49533347899999997,0.3,Metrop
102,0.5653408360000001,0.3,Metrop
103,0.648500354,0.3,Metrop
104,0.755039785,0.05,Metrop
105,0.863134277,0.05,Metrop
106,0.9844422420000001,0.05,Metrop
107,1.135647685,0.05,Metrop
108,1.294949713,0.05,Metrop
109,1.474318374,0.05,Metrop
110,1.7030443290000001,0.05,Metrop
111,1.98891868,0.05,Metrop
112,2.336815782,0.05,Metrop
113,2.78456567,0.05,Metrop
114,3.371270716,0.05,Metrop
115,4.13994411,0.05,Metrop
116,4.992389879,0.05,Metrop
117,6.132020224,0.05,Metrop
118,7.57453258,0.05,Metrop
119,9.393097726,0.05,Metrop
120,11.65477376,0.05,Metrop
121,14.520436499999999,0.05,Metrop
122,18.32172308,0.05,Metrop
123,22.74663938,0.05,Metrop
124,28.40451528,0.05,Metrop
125,35.4434129,0.05,Metrop
126,44.64309985,0.05,Metrop
127,56.47494476,0.05,Metrop
128,71.46691664,0.05,Metrop
129,90.43008696,0.05,Metrop
130,114.2657729,0.05,Metrop
131,143.94359609999998,0.05,Metrop
132,179.72261799999998,0.05,Metrop
133,221.08863829999999,0.05,Metrop
134,267.1289649,0.05,Metrop
135,316.7204524,0.05,Metrop
136,368.72802189999993,0.05,Metrop
137,422.068349,0.05,Metrop
138,475.77251500000006,0.05,Metrop
139,529.0064478999999,0.05,Metrop
140,581.0797531000001,0.05,Metrop
141,631.4353821000001,0.05,Metrop
142,679.6425376,0.05,Metrop
143,725.3862627000001,0.05,Metrop
144,768.4362943,0.05,Metrop
145,808.6614293,0.05,Metrop
146,845.9855603,0.05,Metrop
147,880.3888093,0.05,Metrop
148,911.9054823999999,0.05,Metrop
149,940.5886749,0.05,Metrop
150,966.5297416000001,0.05,Metrop
151,989.8310546,0.05,Metrop
152,1010.608565,0.05,Metrop
153,1028.994587,0.05,Metrop
154,1045.1124539999998,0.05,Metrop
155,1059.1011369999999,0.05,Metrop
156,1071.089172,0.05,Metrop
157,1081.201031,0.05,Metrop
158,1089.5668380000002,0.05,Metrop
159,1096.300909,0.05,Metrop
160,1101.521015,0.05,Metrop
161,1105.333734,0.05,Metrop
162,1107.840369,0.05,Metrop
163,1109.1383,0.05,Metrop
164,1109.312906,0.05,Metrop
165,1108.451063,0.05,Metrop
166,1106.629612,0.05,Metrop
167,1103.919361,0.05,Metrop
168,1100.390306,0.05,Metrop
169,1096.103166,0.05,Metrop
170,1091.115137,0.05,Metrop
171,1085.479807,0.05,Metrop
172,1079.246107,0.05,Metrop
173,1072.461577,0.05,Metrop
174,1065.166966,0.05,Metrop
175,1057.403709,0.05,Metrop
176,1049.2081349999999,0.05,Metrop
177,1040.61221,0.05,Metrop
178,1031.649594,0.05,Metrop
179,1022.3488050000001,0.05,Metrop
180,1012.738065,0.05,Metrop
181,1002.843149,0.05,Metrop
182,992.6886642999999,0.05,Metrop
183,982.2968199,0.05,Metrop
184,971.6877708999999,0.05,Metrop
185,960.8825232,0.05,Metrop
186,949.8998328,0.05,Metrop
187,938.7570172000001,0.05,Metrop
188,927.4716483999999,0.05,Metrop
189,916.059849,0.05,Metrop
190,904.5352607000001,0.05,Metrop
191,892.9163898,0.05,Metrop
192,882.184399,0.05,Metrop
193,870.4109419,0.05,Metrop
194,858.5768797000001,0.05,Metrop
195,846.6944063999999,0.05,Metrop
196,834.7750659,0.05,Metrop
197,822.8279203,0.05,Metrop
198,810.8636654000001,0.05,Metrop
199,798.8919890999999,0.05,Metrop
200,786.9220684999999,0.05,Metrop
201,774.962555,0.05,Metrop
202,763.0228197,0.05,Metrop
203,751.1099059,0.05,Metrop
204,739.230445,0.05,Metrop
205,727.3922946,0.05,Metrop
206,715.6021367999999,0.05,Metrop
207,703.8666038,0.05,Metrop
208,692.1919586,0.05,Metrop
209,680.5852265,0.05,Metrop
210,669.0500191000001,0.05,Metrop
211,657.5911795,0.05,Metrop
212,646.2135916,0.05,Metrop
213,634.9217719999999,0.05,Metrop
214,623.7200978,0.05,Metrop
215,612.613535,0.05,Metrop
216,601.6059458,0.05,Metrop
217,590.700407,0.05,Metrop
218,579.9006899,0.05,Metrop
219,569.2099812999999,0.05,Metrop
220,558.6315757,0.05,Metrop
221,548.1677642000001,0.05,Metrop
222,537.8218912000001,0.05,Metrop
223,527.5956867,0.05,Metrop
224,517.4906940000001,0.05,Metrop
225,507.5094528,0.05,Metrop
226,497.65321370000004,0.05,Metrop
227,487.9237698,0.05,Metrop
228,478.3224308999999,0.05,Metrop
229,468.8506028,0.05,Metrop
230,459.5088408,0.05,Metrop
231,450.29761799999994,0.05,Metrop
232,441.2181251,0.05,Metrop
233,432.27082530000007,0.05,Metrop
234,423.45584289999994,0.05,Metrop
235,414.7740541,0.05,Metrop
236,406.2252571,0.05,Metrop
237,397.8091883,0.05,Metrop
238,389.5259486,0.05,Metrop
239,381.37519069999996,0.05,Metrop
240,373.35700180000003,0.05,Metrop
241,365.47050110000004,0.05,Metrop
242,357.7158171,0.05,Metrop
243,350.0920659,0.05,Metrop
244,342.5981443,0.05,Metrop
245,335.2338943,0.05,Metrop
246,327.9980887,0.05,Metrop
247,320.89011989999995,0.05,Metrop
248,313.9090756,0.05,Metrop
249,307.05399750000004,0.05,Metrop
250,300.3237116,0.05,Metrop
251,293.7167677,0.05,Metrop
252,287.23228819999997,0.05,Metrop
253,280.8690613,0.05,Metrop
254,274.6255727,0.05,Metrop
255,268.50111539999995,0.05,Metrop
256,262.4941675,0.05,Metrop
257,256.603065,0.05,Metrop
258,250.826637,0.05,Metrop
259,245.1633122,0.05,Metrop
260,239.61204300000003,0.05,Metrop
261,234.17097259999997,0.05,Metrop
262,228.8392165,0.05,Metrop
263,223.6150855,0.05,Metrop
264,218.49647990000003,0.05,Metrop
265,213.4824011,0.05,Metrop
266,208.5710305,0.05,Metrop
267,203.761057,0.05,Metrop
268,199.05102419999997,0.05,Metrop
269,194.4396667,0.05,Metrop
270,189.9250093,0.05,Metrop
271,185.5051231,0.05,Metrop
272,181.1788322,0.05,Metrop
273,176.9447269,0.05,Metrop
274,172.800963,0.05,Metrop
275,168.746556,0.05,Metrop
276,164.7800957,0.05,Metrop
277,160.8992122,0.05,Metrop
278,157.1026381,0.05,Metrop
279,153.3887586,0.05,Metrop
280,149.7564589,0.05,Metrop
281,146.20391769999998,0.05,Metrop
282,142.73046000000002,0.05,Metrop
283,139.3349455,0.05,Metrop
284,136.0153903,0.05,Metrop
285,132.7705309,0.05,Metrop
286,129.5986328,0.05,Metrop
287,126.4982728,0.05,Metrop
288,123.4680601,0.05,Metrop
289,120.64777340000002,0.05,Metrop
290,117.85038600000001,0.05,Metrop
291,115.0152489,0.05,Metrop
292,112.24443500000001,0.05,Metrop
293,109.53676159999999,0.05,Metrop
294,106.89083959999999,0.05,Metrop
295,104.30598309999999,0.05,Metrop
296,101.781661,0.05,Metrop
297,99.31442358,0.05,Metrop
298,97.10576994,0.05,Metrop
299,94.93669672,0.05,Metrop
300,92.82367281,0.05,Metrop
301,90.93213722,0.05,Metrop
302,89.52073886,0.05,Metrop
303,88.74380131,0.05,Metrop
304,88.75818052,0.05,Metrop
305,89.73183284,0.3,Metrop
306,91.83708811,0.3,Metrop
307,95.26363271,0.3,Metrop
308,100.21012950000001,0.3,Metrop
309,106.896634,0.3,Metrop
310,115.1916702,0.3,Metrop
311,125.10877820000002,0.3,Metrop
312,136.0661048,0.3,Metrop
313,148.4778608,0.3,Metrop
314,161.5069677,0.3,Metrop
315,174.78841409999998,0.3,Metrop
316,187.9949235,0.3,Metrop
317,200.8453056,0.3,Metrop
318,213.10992569999996,0.05,Metrop
319,224.61112480000003,0.05,Metrop
320,235.21245389999999,0.05,Metrop
321,244.8249505,0.05,Metrop
322,253.38992549999998,0.05,Metrop
323,260.8795005,0.05,Metrop
324,267.2916219,0.05,Metrop
325,272.63973230000005,0.05,Metrop
326,276.9592347,0.05,Metrop
327,280.2918227,0.05,Metrop
328,282.6894434,0.05,Metrop
329,284.21235099999996,0.05,Metrop
330,284.91947189999996,0.05,Metrop
331,284.87617620000003,0.05,Metrop
332,284.14504289999996,0.05,Metrop
333,282.78875919999996,0.05,Metrop
334,280.8697195,0.05,Metrop
335,278.44519160000004,0.05,Metrop
336,275.57310839999997,0.05,Metrop
337,272.3049037,0.05,Metrop
338,268.6897878,0.05,Metrop
339,264.7747988,0.05,Metrop
340,260.6017734,0.05,Metrop
341,256.2106453,0.05,Metrop
342,251.63724649999997,0.05,Metrop
343,246.9146701,0.05,Metrop
344,242.0722817,0.05,Metrop
345,237.1368829,0.05,Metrop
346,232.1331336,0.05,Metrop
347,227.3326014,0.05,Metrop
348,222.4291863,0.05,Metrop
349,217.34233360000002,0.05,Metrop
350,212.2612258,0.05,Metrop
351,207.1960111,0.05,Metrop
352,202.1619053,0.05,Metrop
353,197.3835608,0.05,Metrop
354,192.4305805,0.05,Metrop
355,187.54293,0.05,Metrop
356,182.72049950000002,0.05,Metrop
357,177.96829580000002,0.05,Metrop
358,173.2910823,0.05,Metrop
359,168.693183,0.05,Metrop
360,164.1779765,0.05,Metrop
361,159.7484845,0.05,Metrop
362,155.4066339,0.05,Metrop
363,151.154729,0.05,Metrop
364,146.9931706,0.05,Metrop
365,142.92263730000002,0.05,Metrop
366,138.94395669999997,0.05,Metrop
367,135.0569792,0.05,Metrop
368,131.2616293,0.05,Metrop
369,127.6324749,0.05,Metrop
370,124.2774031,0.05,Metrop
371,121.03506609999998,0.05,Metrop
372,117.6928608,0.05,Metrop
373,114.32608059999998,0.05,Metrop
374,111.0457588,0.05,Metrop
375,107.85076940000002,0.05,Metrop
376,104.7404595,0.05,Metrop
377,101.8449844,0.05,Metrop
378,99.25721307,0.05,Metrop
379,96.54116923,0.05,Metrop
380,93.91635490000002,0.05,Metrop
381,91.40374138,0.05,Metrop
382,89.15678232,0.05,Metrop
383,87.24122033,0.05,Metrop
384,85.9077368,0.05,Metrop
385,85.274176,0.05,Metrop
386,85.46671508,0.05,Metrop
387,86.61584732,0.05,Metrop
388,88.85285879,0.05,Metrop
389,92.32328679,0.05,Metrop
390,97.18875478,0.05,Metrop
391,103.612702,0.05,Metrop
392,111.7406355,0.05,Metrop
393,121.05727920000001,0.05,Metrop
394,132.1289558,0.05,Metrop
395,144.23159909999998,0.05,Metrop
396,156.98180569999997,0.05,Metrop
397,170.0106751,0.05,Metrop
398,182.9785768,0.05,Metrop
399,195.5946047,0.05,Metrop
400,207.6165479,0.05,Metrop
401,218.85668340000004,0.3,Metrop
402,229.1699818,0.3,Metrop
403,238.459276,0.3,Metrop
404,246.66347369999997,0.3,Metrop
405,253.7490727,0.3,Metrop
406,259.71818199999996,0.3,Metrop
407,264.5852271,0.3,Metrop
408,268.385769,0.3,Metrop
409,271.1674394,0.3,Metrop
410,272.9841892,0.3,Metrop
411,273.9015079,0.3,Metrop
412,273.98307239999997,0.3,Metrop
413,273.2983583,0.3,Metrop
414,271.91650130000005,0.3,Metrop
415,269.9033625,0.3,Metrop
416,267.3270083,0.05,Metrop
417,264.2494208,0.05,Metrop
418,260.7305217,0.05,Metrop
419,256.8272678,0.05,Metrop
420,252.5917207,0.05,Metrop
421,248.07406009999997,0.05,Metrop
422,243.31879469999996,0.05,Metrop
423,238.36794280000004,0.05,Metrop
424,233.2596162,0.05,Metrop
425,228.0275102,0.05,Metrop
426,222.7032965,0.05,Metrop
427,217.3147812,0.05,Metrop
428,211.8870945,0.05,Metrop
429,206.442592,0.05,Metrop
430,201.00133730000002,0.05,Metrop
431,195.58053610000002,0.05,Metrop
432,190.19542140000001,0.05,Metrop
433,184.8595004,0.05,Metrop
434,179.58428419999998,0.05,Metrop
435,174.3799238,0.05,Metrop
436,169.2547226,0.05,Metrop
437,164.2162084,0.05,Metrop
438,159.27003290000002,0.05,Metrop
439,154.5387875,0.05,Metrop
440,150.2858019,0.05,Metrop
441,146.01242130000003,0.05,Metrop
442,141.61895969999998,0.05,Metrop
443,137.1642314,0.05,Metrop
444,133.2636781,0.05,Metrop
445,129.72646459999999,0.05,Metrop
446,126.0633689,0.05,Metrop
447,122.3432476,0.05,Metrop
448,118.75836969999999,0.05,Metrop
449,115.1589382,0.05,Metrop
450,111.49608700000002,0.05,Metrop
451,107.98899640000002,0.05,Metrop
452,104.88077050000001,0.05,Metrop
453,101.7634821,0.05,Metrop
454,98.75996647,0.05,Metrop
455,95.73932446,0.05,Metrop
456,92.90207976,0.05,Metrop
457,90.16759753,0.05,Metrop
458,87.52873912,0.05,Metrop
459,86.31426616,0.05,Metrop
460,86.15225672,0.05,Metrop
461,84.32675857,0.05,Metrop
462,82.91588542,0.05,Metrop
463,82.09275529,0.05,Metrop
464,81.96039622,0.05,Metrop
465,82.56592188,0.05,Metrop
466,83.97713848,0.05,Metrop
467,86.41069034,0.05,Metrop
468,89.62511436,0.05,Metrop
469,93.53741845,0.05,Metrop
470,98.37688625,0.05,Metrop
471,104.8589652,0.05,Metrop
472,113.43474599999999,0.05,Metrop
473,123.44363020000002,0.05,Metrop
474,134.1276285,0.05,Metrop
475,146.0761642,0.05,Metrop
476,158.47983059999999,0.05,Metrop
477,170.987314,0.05,Metrop
478,183.2842783,0.05,Metrop
479,195.1017895,0.05,Metrop
480,206.22381049999998,0.05,Metrop
481,216.4821156,0.05,Metrop
482,225.7522128,0.05,Metrop
483,233.9558671,0.05,Metrop
484,241.04461600000002,0.05,Metrop
485,246.70708030000003,0.05,Metrop
486,251.002227,0.05,Metrop
487,254.75984169999998,0.05,Metrop
488,257.71905530000004,0.05,Metrop
489,259.6706112,0.05,Metrop
490,260.67569019999996,0.3,Metrop
491,260.79988169999996,0.3,Metrop
492,260.1154242,0.3,Metrop
493,258.69131219999997,0.3,Metrop
494,256.60076749999996,0.3,Metrop
495,253.9130409,0.3,Metrop
496,250.6946849,0.3,Metrop
497,247.0118636,0.3,Metrop
498,242.92439130000002,0.3,Metrop
499,238.4904465,0.3,Metrop
500,233.763109,0.3,Metrop
501,228.791521,0.3,Metrop
502,223.621348,0.3,Metrop
503,218.2932784,0.3,Metrop
504,212.84526119999998,0.3,Metrop
505,207.3110384,0.3,Metrop
506,201.7208686,0.3,Metrop
507,196.1020649,0.05,Metrop
508,190.4787689,0.05,Metrop
509,184.87197609999998,0.05,Metrop
510,179.3003975,0.05,Metrop
511,173.78047619999998,0.05,Metrop
512,168.32607869999998,0.05,Metrop
513,162.9494619,0.05,Metrop
514,157.66087040000002,0.05,Metrop
515,152.4689358,0.05,Metrop
516,147.3809169,0.05,Metrop
517,143.4260178,0.05,Metrop
518,139.4991493,0.05,Metrop
519,135.655125,0.05,Metrop
520,131.8106682,0.05,Metrop
521,127.79011240000001,0.05,Metrop
522,123.7000426,0.05,Metrop
523,123.59032020000001,0.05,Metrop
524,122.9261365,0.05,Metrop
525,121.1239429,0.05,Metrop
526,119.16913190000001,0.05,Metrop
527,119.0101115,0.05,Metrop
528,117.0268431,0.05,Metrop
529,113.59166040000001,0.05,Metrop
530,110.24363390000002,0.05,Metrop
531,106.93809650000001,0.05,Metrop
532,103.8608555,0.05,Metrop
533,100.81244740000001,0.05,Metrop
534,97.42555223,0.05,Metrop
535,96.63340005,0.05,Metrop
536,96.15044665,0.05,Metrop
537,94.87307437,0.05,Metrop
538,93.10859688,0.05,Metrop
539,93.00125911,0.05,Metrop
540,92.93417756,0.05,Metrop
541,90.30360368,0.05,Metrop
542,87.62371266,0.05,Metrop
543,85.27610392,0.05,Metrop
544,83.07108389,0.05,Metrop
545,81.23840215,0.05,Metrop
546,79.72802452,0.05,Metrop
547,79.34869819,0.05,Metrop
548,78.30073529,0.05,Metrop
549,77.63601345,0.05,Metrop
550,77.46315814,0.05,Metrop
551,77.39965014,0.05,Metrop
552,77.46191125,0.05,Metrop
553,77.48160566,0.05,Metrop
554,77.98815321,0.05,Metrop
555,77.99214449,0.05,Metrop
556,77.99539116,0.05,Metrop
557,78.59974709,0.05,Metrop
558,79.0965594,0.05,Metrop
559,79.66649801,0.05,Metrop
560,80.82051985,0.05,Metrop
561,81.61902491,0.05,Metrop
562,84.32578696,0.05,Metrop
563,87.82306689,0.05,Metrop
564,91.97659643,0.05,Metrop
565,96.46455432,0.05,Metrop
566,101.96603859999999,0.05,Metrop
567,108.3708949,0.05,Metrop
568,116.03063689999999,0.05,Metrop
569,124.5668031,0.05,Metrop
570,134.31703090000002,0.05,Metrop
571,143.896928,0.05,Metrop
572,153.8996167,0.05,Metrop
573,164.2048035,0.05,Metrop
574,174.3218862,0.3,Metrop
575,184.11291819999997,0.3,Metrop
576,193.469268,0.3,Metrop
577,202.0342328,0.3,Metrop
578,210.1895625,0.3,Metrop
579,217.4407995,0.3,Metrop
580,223.77572650000002,0.3,Metrop
581,229.2469696,0.3,Metrop
582,233.7755547,0.3,Metrop
583,237.5352645,0.3,Metrop
584,240.33855699999998,0.3,Metrop
585,241.2595884,0.3,Metrop
586,243.17946439999997,0.3,Metrop
587,243.4826951,0.3,Metrop
588,244.71586859999996,0.3,Metrop
589,245.23521859999997,0.3,Metrop
590,245.4656558,0.3,Metrop
591,245.6087556,0.3,Metrop
592,245.18593810000002,0.3,Metrop
593,244.19782039999998,0.3,Metrop
594,242.6433634,0.05,Metrop
595,240.61768140000004,0.05,Metrop
596,238.2098585,0.05,Metrop
597,235.04797250000001,0.05,Metrop
598,231.8137701,0.05,Metrop
599,228.15938119999998,0.05,Metrop
600,224.33939249999997,0.05,Metrop
601,220.21705130000004,0.05,Metrop
602,215.9097858,0.05,Metrop
603,211.5353079,0.05,Metrop
604,206.6291157,0.05,Metrop
605,201.61730480000003,0.05,Metrop
606,196.8369687,0.05,Metrop
607,191.9260884,0.05,Metrop
608,187.0348411,0.05,Metrop
609,182.3264911,0.05,Metrop
610,177.6289052,0.05,Metrop
611,172.62920640000002,0.05,Metrop
612,167.0278641,0.05,Metrop
613,162.107415,0.05,Metrop
614,157.4838564,0.05,Metrop
615,153.1724521,0.05,Metrop
616,149.0085487,0.05,Metrop
617,144.6923371,0.05,Metrop
618,142.2391362,0.05,Metrop
619,140.3304971,0.05,Metrop
620,136.2563436,0.05,Metrop
621,131.51284750000002,0.05,Metrop
622,130.8526354,0.05,Metrop
623,130.3590518,0.05,Metrop
624,127.9387942,0.05,Metrop
625,125.74691909999999,0.05,Metrop
626,125.56045619999999,0.05,Metrop
627,124.7948956,0.05,Metrop
628,120.9123697,0.05,Metrop
629,117.2495506,0.05,Metrop
630,113.6792719,0.05,Metrop
631,110.1396158,0.05,Metrop
632,106.5891742,0.05,Metrop
633,102.6017355,0.05,Metrop
634,100.69190490000001,0.05,Metrop
635,100.6594262,0.05,Metrop
636,100.2644609,0.05,Metrop
637,98.19786515,0.05,Metrop
638,96.66189829,0.05,Metrop
639,96.52258693,0.05,Metrop
640,94.69289011,0.05,Metrop
641,91.68817296,0.05,Metrop
642,88.76948807,0.05,Metrop
643,86.05374889,0.05,Metrop
644,83.57426162,0.05,Metrop
645,81.32181409,0.05,Metrop
646,79.3807265,0.05,Metrop
647,79.23816756,0.05,Metrop
648,79.22251920000001,0.05,Metrop
649,79.03775582,0.05,Metrop
650,78.24975888,0.05,Metrop
651,77.03564625,0.05,Metrop
652,76.34290082,0.05,Metrop
653,76.18733201,0.05,Metrop
654,76.62473402,0.05,Metrop
655,77.65578391,0.3,Metrop
656,79.41794319,0.3,Metrop
657,81.89082341,0.3,Metrop
658,84.75591467,0.3,Metrop
659,88.34151297,0.3,Metrop
660,92.57851086,0.3,Metrop
661,97.60041396,0.3,Metrop
662,103.6560594,0.3,Metrop
663,110.8977477,0.3,Metrop
664,119.7505588,0.3,Metrop
665,128.192747,0.3,Metrop
666,136.6792426,0.3,Metrop
667,145.59095559999997,0.3,Metrop
668,153.9952226,0.3,Metrop
669,161.8938257,0.3,Metrop
670,165.1246361,0.3,Metrop
671,169.53963480000002,0.3,Metrop
672,173.64864219999998,0.3,Metrop
673,174.67758569999998,0.3,Metrop
674,182.746139,0.3,Metrop
675,190.1825265,0.3,Metrop
676,196.7733509,0.05,Metrop
677,203.0073605,0.05,Metrop
678,208.52480730000002,0.05,Metrop
679,213.3446174,0.05,Metrop
680,217.4201422,0.05,Metrop
681,220.8795355,0.05,Metrop
682,223.6763649,0.05,Metrop
683,225.7013554,0.05,Metrop
684,227.01641119999996,0.05,Metrop
685,227.6596923,0.05,Metrop
686,227.65162030000002,0.05,Metrop
687,227.0409312,0.05,Metrop
688,225.88348340000002,0.05,Metrop
689,224.70108169999997,0.05,Metrop
690,223.9689313,0.05,Metrop
691,222.7616504,0.05,Metrop
692,221.9588859,0.05,Metrop
693,220.4209037,0.05,Metrop
694,219.3192128,0.05,Metrop
695,216.48557680000002,0.05,Metrop
696,213.2792091,0.05,Metrop
697,209.88097290000002,0.05,Metrop
698,206.20448340000002,0.05,Metrop
699,202.3282828,0.05,Metrop
700,198.18750390000002,0.05,Metrop
701,193.65109569999998,0.05,Metrop
702,189.0211871,0.05,Metrop
703,184.5841376,0.05,Metrop
704,180.07539530000003,0.05,Metrop
705,175.52218290000002,0.05,Metrop
706,170.9355851,0.05,Metrop
707,166.3411947,0.05,Metrop
708,161.7125001,0.05,Metrop
709,158.9567999,0.05,Metrop
710,158.8647253,0.05,Metrop
711,154.98183669999997,0.05,Metrop
712,154.9571862,0.05,Metrop
713,153.6585738,0.05,Metrop
714,149.79636619999997,0.05,Metrop
715,148.5098643,0.05,Metrop
716,144.5207456,0.05,Metrop
717,140.1227712,0.05,Metrop
718,135.7809149,0.05,Metrop
719,131.5094838,0.05,Metrop
720,127.25884429999999,0.05,Metrop
721,122.79469679999998,0.05,Metrop
722,119.5684223,0.05,Metrop
723,119.1532983,0.05,Metrop
724,118.98127240000002,0.05,Metrop
725,115.8006404,0.05,Metrop
726,114.6462727,0.05,Metrop
727,114.4696953,0.05,Metrop
728,112.42333319999999,0.05,Metrop
729,108.69194879999999,0.05,Metrop
730,104.9800643,0.05,Metrop
1,0.0,1.0,Riomar
2,3.28e-05,1.0,Riomar
3,9.740000000000001e-05,1.0,Riomar
4,0.00010711600000000001,1.0,Riomar
5,0.00011203700000000001,1.0,Riomar
6,0.000378574,1.0,Riomar
7,0.00047736800000000004,1.0,Riomar
8,0.000856615,1.0,Riomar
9,0.000999181,1.0,Riomar
10,0.001972125,0.1,Riomar
11,0.002843705,0.1,Riomar
12,0.005450126,0.1,Riomar
13,0.009714654,0.1,Riomar
14,0.013021465,0.1,Riomar
15,0.01648847,0.1,Riomar
16,0.018220805,0.1,Riomar
17,0.022081464,0.1,Riomar
18,0.036348821,0.1,Riomar
19,0.058602055,0.1,Riomar
20,0.079252533,0.1,Riomar
21,0.11619756199999999,0.1,Riomar
22,0.160210037,0.1,Riomar
23,0.23862093,0.1,Riomar
24,0.33652819,0.1,Riomar
25,0.438993365,0.1,Riomar
26,0.44755775600000003,0.1,Riomar
27,0.507443502,0.1,Riomar
28,0.643890151,0.1,Riomar
29,0.7862486120000001,0.1,Riomar
30,0.832389157,0.1,Riomar
31,0.974155855,0.1,Riomar
32,0.9784206059999999,0.1,Riomar
33,1.144801025,0.1,Riomar
34,1.3447386719999999,0.1,Riomar
35,1.526617795,0.1,Riomar
36,1.669322398,0.1,Riomar
37,1.669338485,0.1,Riomar
38,1.671070452,0.1,Riomar
39,1.7655115940000001,0.1,Riomar
40,1.891878084,0.1,Riomar
41,1.9945396309999999,0.1,Riomar
42,2.201363846,0.1,Riomar
43,2.307051148,0.1,Riomar
44,2.496803752,0.1,Riomar
45,2.497101875,0.1,Riomar
46,2.7046495889999997,0.1,Riomar
47,2.956158753,0.1,Riomar
48,3.219251325,0.1,Riomar
49,3.46864981,0.1,Riomar
50,3.47230369,0.1,Riomar
51,3.605123706,0.1,Riomar
52,3.7898403519999997,0.1,Riomar
53,3.895779938,0.1,Riomar
54,4.185306351,0.1,Riomar
55,4.3726734810000005,0.1,Riomar
56,4.632388411,0.1,Riomar
57,4.78171106,0.1,Riomar
58,5.116073486,0.3,Riomar
59,5.497924721,0.3,Riomar
60,5.8675612070000005,0.3,Riomar
61,6.12089726,0.3,Riomar
62,6.319142672000001,0.3,Riomar
63,6.642676605,0.3,Riomar
64,6.855560683999999,0.3,Riomar
65,7.297423821000001,0.3,Riomar
66,7.7497536789999995,0.3,Riomar
67,7.86360441,0.3,Riomar
68,8.363141456000001,0.3,Riomar
69,8.990384076,0.3,Riomar
70,9.528339009,0.3,Riomar
71,9.925235749,0.3,Riomar
72,10.20627349,0.3,Riomar
73,10.6165734,0.3,Riomar
74,11.03192779,0.05,Riomar
75,11.70850436,0.05,Riomar
76,12.42040309,0.05,Riomar
77,12.75996898,0.05,Riomar
78,13.54622364,0.05,Riomar
79,14.47338929,0.05,Riomar
80,15.27097643,0.05,Riomar
81,16.14444615,0.05,Riomar
82,17.02985695,0.05,Riomar
83,17.93763122,0.05,Riomar
84,18.84895275,0.05,Riomar
85,19.60651258,0.05,Riomar
86,20.63687669,0.05,Riomar
87,21.7000869,0.05,Riomar
88,23.13440227,0.05,Riomar
89,24.67112356,0.05,Riomar
90,26.05458461,0.05,Riomar
91,28.05533203,0.05,Riomar
92,30.18757327,0.05,Riomar
93,32.70350131,0.05,Riomar
94,35.74996793,0.05,Riomar
95,39.03102506,0.05,Riomar
96,43.45323344,0.05,Riomar
97,48.23176013,0.05,Riomar
98,55.26949703,0.05,Riomar
99,63.19110965,0.05,Riomar
100,70.46911133,0.05,Riomar
101,80.9156378,0.05,Riomar
102,91.9420138,0.05,Riomar
103,104.9019382,0.05,Riomar
104,123.82862720000001,0.05,Riomar
105,146.0707172,0.05,Riomar
106,172.9771073,0.05,Riomar
107,205.7353967,0.05,Riomar
108,237.14820890000001,0.05,Riomar
109,268.9262186,0.05,Riomar
110,303.70299539999996,0.05,Riomar
111,339.49690560000005,0.05,Riomar
112,374.5567579,0.05,Riomar
113,410.1671124,0.05,Riomar
114,445.95803960000006,0.05,Riomar
115,480.8000035,0.05,Riomar
116,510.1017223,0.05,Riomar
117,539.5623122000001,0.05,Riomar
118,566.8163538,0.05,Riomar
119,591.6212783,0.05,Riomar
120,613.6084377000001,0.05,Riomar
121,633.1446943,0.05,Riomar
122,650.7350240000001,0.05,Riomar
123,664.626805,0.05,Riomar
124,676.4513075,0.05,Riomar
125,685.8419363,0.05,Riomar
126,693.2111583,0.05,Riomar
127,698.3577355,0.05,Riomar
128,701.3295547,0.05,Riomar
129,702.268537,0.05,Riomar
130,701.3358327999999,0.05,Riomar
131,698.6805705,0.05,Riomar
132,694.4504614,0.05,Riomar
133,688.7910224,0.05,Riomar
134,681.8350745,0.05,Riomar
135,673.7172937999999,0.05,Riomar
136,664.5599071,0.05,Riomar
137,654.4807099999999,0.05,Riomar
138,643.5929603999999,0.05,Riomar
139,631.998953,0.05,Riomar
140,619.7981176,0.05,Riomar
141,607.0799821,0.05,Riomar
142,593.9281917999999,0.05,Riomar
143,580.4214006,0.05,Riomar
144,566.6309083,0.05,Riomar
145,552.623835,0.05,Riomar
146,538.4606432,0.05,Riomar
147,524.1965744,0.05,Riomar
148,509.8819688,0.05,Riomar
149,495.56208939999993,0.05,Riomar
150,481.27842000000004,0.05,Riomar
151,467.06862010000003,0.05,Riomar
152,452.96655599999997,0.05,Riomar
153,439.00190130000004,0.05,Riomar
154,425.2015245,0.05,Riomar
155,411.58810539999996,0.05,Riomar
156,398.18210939999994,0.05,Riomar
157,385.00206860000003,0.05,Riomar
158,372.06309060000007,0.05,Riomar
159,359.3794276,0.05,Riomar
160,346.96157220000003,0.05,Riomar
161,334.8187625,0.05,Riomar
162,322.9585,0.05,Riomar
163,311.3857984,0.05,Riomar
164,300.10632860000004,0.05,Riomar
165,289.122702,0.05,Riomar
166,278.4372211,0.05,Riomar
167,268.0510599,0.05,Riomar
168,257.96293080000004,0.05,Riomar
169,248.17228730000002,0.05,Riomar
170,238.6768125,0.05,Riomar
171,229.4744212,0.05,Riomar
172,220.5626266,0.05,Riomar
173,211.93692919999998,0.05,Riomar
174,203.59382680000002,0.05,Riomar
175,195.5277945,0.05,Riomar
176,187.7337144,0.05,Riomar
177,180.2071203,0.05,Riomar
178,172.941797,0.3,Riomar
179,165.93295890000002,0.3,Riomar
180,159.1741366,0.3,Riomar
181,152.6590803,0.3,Riomar
182,146.381744,0.3,Riomar
183,140.3350831,0.3,Riomar
184,134.5137949,0.3,Riomar
185,128.91124059999999,0.3,Riomar
186,123.5212463,0.3,Riomar
187,118.33784479999998,0.3,Riomar
188,113.3538364,0.3,Riomar
189,108.56325109999999,0.3,Riomar
190,103.95981309999999,0.3,Riomar
191,99.53907157,0.3,Riomar
192,95.64241043,0.3,Riomar
193,91.58233654,0.3,Riomar
194,87.76070585,0.3,Riomar
195,84.23188303,0.3,Riomar
196,81.05137352,0.3,Riomar
197,78.27954499,0.3,Riomar
198,75.96883170000001,0.3,Riomar
199,74.16674354,0.3,Riomar
200,72.91656817,0.3,Riomar
201,72.25182679999999,0.05,Riomar
202,72.20584714,0.05,Riomar
203,72.80971022,0.05,Riomar
204,74.0965033,0.05,Riomar
205,76.09914570000001,0.05,Riomar
206,78.84672873,0.05,Riomar
207,82.37191353,0.05,Riomar
208,86.70409229,0.05,Riomar
209,91.87270805,0.05,Riomar
210,97.91467597,0.05,Riomar
211,104.86111499999998,0.05,Riomar
212,112.72033119999999,0.05,Riomar
213,121.37164640000002,0.05,Riomar
214,130.5857318,0.05,Riomar
215,140.0873542,0.05,Riomar
216,149.5944269,0.05,Riomar
217,158.84574030000002,0.05,Riomar
218,167.6140128,0.05,Riomar
219,175.7133908,0.05,Riomar
220,182.9971375,0.05,Riomar
221,189.3643622,0.05,Riomar
222,194.74585080000003,0.05,Riomar
223,199.1083564,0.05,Riomar
224,202.44695009999998,0.05,Riomar
225,204.7754189,0.05,Riomar
226,206.13226609999998,0.05,Riomar
227,206.5639767,0.05,Riomar
228,206.1303648,0.05,Riomar
229,204.8985342,0.05,Riomar
230,202.93729230000002,0.05,Riomar
231,200.3220797,0.05,Riomar
232,197.1244562,0.05,Riomar
233,193.4167883,0.05,Riomar
234,189.26912240000001,0.05,Riomar
235,184.74662949999998,0.05,Riomar
236,179.9130394,0.05,Riomar
237,174.8262893,0.05,Riomar
238,169.5406268,0.05,Riomar
239,164.1057983,0.05,Riomar
240,158.56646609999999,0.05,Riomar
241,152.9633378,0.05,Riomar
242,147.3323471,0.05,Riomar
243,141.7056987,0.05,Riomar
244,136.1117607,0.05,Riomar
245,130.5753096,0.05,Riomar
246,125.1174193,0.05,Riomar
247,119.75632420000001,0.05,Riomar
248,114.50720020000001,0.05,Riomar
249,109.3823767,0.05,Riomar
250,104.3927025,0.3,Riomar
251,99.54603249,0.3,Riomar
252,94.85072979,0.3,Riomar
253,90.32494212,0.3,Riomar
254,85.99959641,0.3,Riomar
255,81.91245331,0.3,Riomar
256,78.0992368,0.3,Riomar
257,74.59507285,0.3,Riomar
258,71.42760581,0.3,Riomar
259,68.61757092,0.3,Riomar
260,66.18161489,0.3,Riomar
261,64.1279364,0.3,Riomar
262,62.46220863,0.3,Riomar
263,61.18721694,0.3,Riomar
264,60.30315466,0.3,Riomar
265,59.80895608,0.3,Riomar
266,59.70020242,0.3,Riomar
267,59.97288537,0.3,Riomar
268,60.62155232,0.3,Riomar
269,61.639403,0.3,Riomar
270,63.02335448,0.3,Riomar
271,64.76795042,0.3,Riomar
272,66.86892876,0.3,Riomar
273,69.32239277,0.3,Riomar
274,72.12298682,0.3,Riomar
275,75.26717386,0.3,Riomar
276,78.74944342,0.3,Riomar
277,82.56719928,0.3,Riomar
278,86.71640481,0.3,Riomar
279,91.19161738,0.3,Riomar
280,95.9886537,0.3,Riomar
281,101.0999743,0.3,Riomar
282,106.51528400000001,0.3,Riomar
283,112.18032609999999,0.3,Riomar
284,117.9714797,0.3,Riomar
285,123.7307426,0.3,Riomar
286,129.2942331,0.05,Riomar
287,134.5095696,0.05,Riomar
288,139.2455017,0.05,Riomar
289,143.21412759999998,0.05,Riomar
290,146.62913400000002,0.05,Riomar
291,149.4737129,0.05,Riomar
292,151.5864625,0.05,Riomar
293,152.9593836,0.05,Riomar
294,153.6063331,0.05,Riomar
295,153.55348469999998,0.05,Riomar
296,152.8380496,0.05,Riomar
297,151.50682609999998,0.05,Riomar
298,149.7990165,0.05,Riomar
299,147.64272150000002,0.05,Riomar
300,144.985247,0.05,Riomar
301,141.8185905,0.05,Riomar
302,138.30558359999998,0.05,Riomar
303,134.50172869999997,0.05,Riomar
304,130.4586958,0.05,Riomar
305,126.22556029999998,0.05,Riomar
306,121.8479544,0.05,Riomar
307,117.36713789999999,0.05,Riomar
308,112.82139140000001,0.05,Riomar
309,108.24391580000001,0.05,Riomar
310,103.7672872,0.05,Riomar
311,99.29906552,0.05,Riomar
312,94.97850374,0.05,Riomar
313,90.54661203,0.05,Riomar
314,86.22996404,0.05,Riomar
315,82.06815816,0.05,Riomar
316,78.09484907,0.05,Riomar
317,74.33980738,0.05,Riomar
318,70.82722369,0.05,Riomar
319,67.57438408,0.05,Riomar
320,64.59399877,0.05,Riomar
321,61.89025567,0.3,Riomar
322,59.464138299999995,0.3,Riomar
323,57.31211369,0.3,Riomar
324,55.42780844,0.3,Riomar
325,53.80458758,0.3,Riomar
326,52.43250068,0.3,Riomar
327,51.30122382,0.3,Riomar
328,50.39949307,0.3,Riomar
329,49.71406335,0.3,Riomar
330,49.23268784,0.3,Riomar
331,48.94276977,0.3,Riomar
332,48.83316654,0.3,Riomar
333,48.89287403,0.3,Riomar
334,49.11054172,0.3,Riomar
335,49.47610996,0.3,Riomar
336,49.97835998,0.3,Riomar
337,50.60762129,0.3,Riomar
338,51.35524072,0.3,Riomar
339,52.21279293,0.3,Riomar
340,53.17282659,0.3,Riomar
341,54.22773468,0.3,Riomar
342,55.37034331,0.3,Riomar
343,56.59337334,0.3,Riomar
344,57.89018163,0.3,Riomar
345,59.25514774,0.3,Riomar
346,60.68258716,0.3,Riomar
347,62.09074827,0.3,Riomar
348,63.56261433,0.3,Riomar
349,65.12010457,0.3,Riomar
350,66.70045215,0.3,Riomar
351,68.29683274,0.3,Riomar
352,69.89749207,0.3,Riomar
353,71.42572626,0.3,Riomar
354,73.01480704,0.3,Riomar
355,74.5779055,0.3,Riomar
356,76.1046408,0.3,Riomar
357,77.58383981,0.3,Riomar
358,79.00923877,0.3,Riomar
359,80.37377883,0.3,Riomar
360,81.67156084,0.3,Riomar
361,82.89646484,0.3,Riomar
362,84.04339509999998,0.3,Riomar
363,85.10755509,0.3,Riomar
364,86.08753391,0.3,Riomar
365,86.98167523,0.3,Riomar
1,0.0,1.0,SurOcc
2,3.53e-08,1.0,SurOcc
3,2.3600000000000002e-07,1.0,SurOcc
4,2.64e-07,1.0,SurOcc
5,2.77e-07,1.0,SurOcc
6,1.09e-06,1.0,SurOcc
7,1.44e-06,1.0,SurOcc
8,2.64e-06,1.0,SurOcc
9,3.22e-06,1.0,SurOcc
10,7.94e-06,0.1,SurOcc
11,1.3000000000000001e-05,0.1,SurOcc
12,3.01e-05,0.1,SurOcc
13,6.31e-05,0.1,SurOcc
14,8.609999999999999e-05,0.1,SurOcc
15,0.000109953,0.1,SurOcc
16,0.000120505,0.1,SurOcc
17,0.000142616,0.1,SurOcc
18,0.000225026,0.1,SurOcc
19,0.000349,0.1,SurOcc
20,0.00046103199999999995,0.1,SurOcc
21,0.000652608,0.1,SurOcc
22,0.000904979,0.1,SurOcc
23,0.0014056989999999998,0.1,SurOcc
24,0.002124711,0.1,SurOcc
25,0.002841393,0.1,SurOcc
26,0.0028974020000000003,0.1,SurOcc
27,0.0032756440000000003,0.1,SurOcc
28,0.004123348,0.1,SurOcc
29,0.004968285,0.1,SurOcc
30,0.005234575,0.1,SurOcc
31,0.0060150509999999996,0.1,SurOcc
32,0.006039135,0.1,SurOcc
33,0.007016495,0.1,SurOcc
34,0.008317683000000001,0.1,SurOcc
35,0.009628006,0.1,SurOcc
36,0.010616937,0.1,SurOcc
37,0.010617043,0.1,SurOcc
38,0.010628451,0.1,SurOcc
39,0.011226916000000002,0.1,SurOcc
40,0.012026021999999999,0.1,SurOcc
41,0.012654051999999999,0.1,SurOcc
42,0.013881323000000001,0.1,SurOcc
43,0.014484388,0.1,SurOcc
44,0.015515461999999999,0.1,SurOcc
45,0.015517126000000001,0.1,SurOcc
46,0.016717192,0.1,SurOcc
47,0.01831405,0.1,SurOcc
48,0.020242521,0.1,SurOcc
49,0.022002139,0.1,SurOcc
50,0.022026628,0.1,SurOcc
51,0.022871561000000002,0.1,SurOcc
52,0.024041132000000003,0.1,SurOcc
53,0.024684397,0.1,SurOcc
54,0.026403412,0.1,SurOcc
55,0.027464372,0.1,SurOcc
56,0.028851487999999998,0.1,SurOcc
57,0.029678489,0.1,SurOcc
58,0.031696851,0.3,SurOcc
59,0.034379879,0.3,SurOcc
60,0.037098731,0.3,SurOcc
61,0.038848542,0.3,SurOcc
62,0.040110962,0.3,SurOcc
63,0.042116267,0.3,SurOcc
64,0.043434612000000004,0.3,SurOcc
65,0.045972806,0.3,SurOcc
66,0.048365878,0.3,SurOcc
67,0.048987808,0.3,SurOcc
68,0.051925872000000005,0.3,SurOcc
69,0.056202995,0.3,SurOcc
70,0.060239292,0.3,SurOcc
71,0.063079736,0.3,SurOcc
72,0.06487607,0.3,SurOcc
73,0.06749742,0.3,SurOcc
74,0.070062241,0.3,SurOcc
75,0.074023866,0.3,SurOcc
76,0.077824542,0.3,SurOcc
77,0.079692708,0.3,SurOcc
78,0.084362122,0.3,SurOcc
79,0.090742966,0.3,SurOcc
80,0.096805131,0.3,SurOcc
81,0.102984395,0.3,SurOcc
82,0.10867951,0.3,SurOcc
83,0.11432017400000001,0.3,SurOcc
84,0.11964301,0.3,SurOcc
85,0.123657235,0.3,SurOcc
86,0.129403404,0.3,SurOcc
87,0.13593650599999998,0.3,SurOcc
88,0.145842331,0.3,SurOcc
89,0.158052258,0.3,SurOcc
90,0.168358304,0.3,SurOcc
91,0.18192318300000002,0.3,SurOcc
92,0.19567069899999998,0.3,SurOcc
93,0.211614952,0.3,SurOcc
94,0.22991007600000002,0.3,SurOcc
95,0.24829228,0.3,SurOcc
96,0.27444782300000004,0.3,SurOcc
97,0.305433955,0.3,SurOcc
98,0.355710992,0.3,SurOcc
99,0.420432195,0.3,SurOcc
100,0.47752213200000004,0.3,SurOcc
101,0.5543786620000001,0.3,SurOcc
102,0.6330614170000001,0.3,SurOcc
103,0.72546662,0.3,SurOcc
104,0.8425269479999999,0.05,SurOcc
105,0.959555213,0.05,SurOcc
106,1.091584457,0.05,SurOcc
107,1.256142513,0.05,SurOcc
108,1.4288177069999999,0.05,SurOcc
109,1.6231331269999998,0.05,SurOcc
110,1.869709878,0.05,SurOcc
111,2.17684251,0.05,SurOcc
112,2.549729714,0.05,SurOcc
113,3.0308586660000003,0.05,SurOcc
114,3.664132833,0.05,SurOcc
115,4.494729131000001,0.05,SurOcc
116,5.418159641,0.05,SurOcc
117,6.649721576,0.05,SurOcc
118,8.204192835,0.05,SurOcc
119,10.16446904,0.05,SurOcc
120,12.60571574,0.05,SurOcc
121,15.70556081,0.05,SurOcc
122,19.82334731,0.05,SurOcc
123,24.62888349,0.05,SurOcc
124,30.76124552,0.05,SurOcc
125,38.37464084,0.05,SurOcc
126,48.32553548,0.05,SurOcc
127,61.13180239,0.05,SurOcc
128,77.37947218,0.05,SurOcc
129,97.95340477,0.05,SurOcc
130,123.88310770000001,0.05,SurOcc
131,156.0055436,0.05,SurOcc
132,194.24397280000002,0.05,SurOcc
133,237.8767798,0.05,SurOcc
134,285.892853,0.05,SurOcc
135,337.1427651,0.05,SurOcc
136,390.5074818,0.05,SurOcc
137,444.945191,0.05,SurOcc
138,499.5412419,0.05,SurOcc
139,553.5200597,0.05,SurOcc
140,606.2500464999999,0.05,SurOcc
141,657.2283748,0.05,SurOcc
142,706.0724897999999,0.05,SurOcc
143,752.5098538999999,0.05,SurOcc
144,796.3453127,0.05,SurOcc
145,837.4763688999999,0.05,SurOcc
146,875.8506848999999,0.05,SurOcc
147,911.4670056,0.05,SurOcc
148,944.3727148,0.05,SurOcc
149,974.6304312000001,0.05,SurOcc
150,1002.337144,0.05,SurOcc
151,1027.597344,0.05,SurOcc
152,1050.527476,0.05,SurOcc
153,1071.2578839999999,0.05,SurOcc
154,1089.909335,0.05,SurOcc
155,1106.6152849999999,0.05,SurOcc
156,1121.498409,0.05,SurOcc
157,1134.676395,0.05,SurOcc
158,1146.270777,0.05,SurOcc
159,1156.3883759999999,0.05,SurOcc
160,1165.138411,0.05,SurOcc
161,1172.618989,0.05,SurOcc
162,1178.922293,0.05,SurOcc
163,1184.136626,0.05,SurOcc
164,1188.337989,0.05,SurOcc
165,1191.603609,0.05,SurOcc
166,1194.0014720000001,0.05,SurOcc
167,1195.593757,0.05,SurOcc
168,1196.441352,0.05,SurOcc
169,1196.596084,0.05,SurOcc
170,1196.106658,0.05,SurOcc
171,1195.0174140000001,0.05,SurOcc
172,1193.368944,0.05,SurOcc
173,1191.2007130000002,0.05,SurOcc
174,1188.545796,0.05,SurOcc
175,1185.4376109999998,0.05,SurOcc
176,1181.904808,0.05,SurOcc
177,1177.971859,0.05,SurOcc
178,1173.6647480000001,0.05,SurOcc
179,1169.005018,0.05,SurOcc
180,1164.01436,0.05,SurOcc
181,1158.7120830000001,0.05,SurOcc
182,1153.116088,0.05,SurOcc
183,1147.242851,0.05,SurOcc
184,1141.1060619999998,0.05,SurOcc
185,1134.720933,0.05,SurOcc
186,1128.1008869999998,0.05,SurOcc
187,1121.258096,0.05,SurOcc
188,1114.205422,0.05,SurOcc
189,1106.9538189999998,0.05,SurOcc
190,1099.512847,0.05,SurOcc
191,1091.894906,0.05,SurOcc
192,1084.757626,0.05,SurOcc
193,1076.819222,0.05,SurOcc
194,1068.72816,0.05,SurOcc
195,1060.493015,0.05,SurOcc
196,1052.122401,0.05,SurOcc
197,1043.622312,0.05,SurOcc
198,1035.000548,0.05,SurOcc
199,1026.2644619999999,0.05,SurOcc
200,1017.420863,0.05,SurOcc
201,1008.4773039999999,0.05,SurOcc
202,999.4407767999999,0.05,SurOcc
203,990.3170498,0.05,SurOcc
204,981.1112666000001,0.05,SurOcc
205,971.8296627000001,0.05,SurOcc
206,962.4783827,0.05,SurOcc
207,953.0633392000001,0.05,SurOcc
208,943.5908721000001,0.05,SurOcc
209,934.0672268999999,0.05,SurOcc
210,924.4957908,0.05,SurOcc
211,914.8813551000001,0.05,SurOcc
212,905.2285839,0.05,SurOcc
213,895.5425377,0.05,SurOcc
214,885.8284525,0.05,SurOcc
215,876.0916087000002,0.05,SurOcc
216,866.3369832999998,0.05,SurOcc
217,856.5683757999999,0.05,SurOcc
218,846.7904603000001,0.05,SurOcc
219,837.0077347,0.05,SurOcc
220,827.2245692,0.05,SurOcc
221,817.4452492,0.05,SurOcc
222,807.674177,0.05,SurOcc
223,797.9148711,0.05,SurOcc
224,788.1705544,0.05,SurOcc
225,778.4451291,0.05,SurOcc
226,768.7420804,0.05,SurOcc
227,759.0649882,0.05,SurOcc
228,749.4172966,0.05,SurOcc
229,739.8024138,0.05,SurOcc
230,730.2229191,0.05,SurOcc
231,720.6815052000001,0.05,SurOcc
232,711.1813071,0.05,SurOcc
233,701.7251003,0.05,SurOcc
234,692.3155256,0.05,SurOcc
235,682.9554895,0.05,SurOcc
236,673.6473122,0.05,SurOcc
237,664.3929532999999,0.05,SurOcc
238,655.1947117999999,0.05,SurOcc
239,646.0547134,0.05,SurOcc
240,636.9752581,0.05,SurOcc
241,627.95817,0.05,SurOcc
242,619.0056873,0.05,SurOcc
243,610.1193726,0.05,SurOcc
244,601.300503,0.05,SurOcc
245,592.5510098,0.05,SurOcc
246,583.8721977999999,0.05,SurOcc
247,575.265716,0.05,SurOcc
248,566.7329929,0.05,SurOcc
249,558.2753272000001,0.05,SurOcc
250,549.8937812,0.05,SurOcc
251,541.5891197000001,0.05,SurOcc
252,533.3625428,0.05,SurOcc
253,525.2149582,0.05,SurOcc
254,517.1472446,0.05,SurOcc
255,509.16067869999995,0.05,SurOcc
256,501.25581270000004,0.05,SurOcc
257,493.4329986000001,0.05,SurOcc
258,485.69291519999996,0.05,SurOcc
259,478.03599339999994,0.05,SurOcc
260,470.4629948,0.05,SurOcc
261,462.9742775,0.05,SurOcc
262,455.5706008,0.05,SurOcc
263,448.25205930000004,0.05,SurOcc
264,441.0182886,0.05,SurOcc
265,433.86987360000006,0.05,SurOcc
266,426.80666039999994,0.05,SurOcc
267,419.8290279,0.05,SurOcc
268,412.9373293,0.05,SurOcc
269,406.1316335,0.05,SurOcc
270,399.41150539999995,0.05,SurOcc
271,392.7763411,0.05,SurOcc
272,386.2263329,0.05,SurOcc
273,379.76128470000003,0.05,SurOcc
274,373.3811007,0.05,SurOcc
275,367.0861154,0.05,SurOcc
276,360.8759102,0.05,SurOcc
277,354.7493586,0.05,SurOcc
278,348.70620660000003,0.05,SurOcc
279,342.7459224,0.05,SurOcc
280,336.8682933,0.05,SurOcc
281,331.0732839,0.05,SurOcc
282,325.3609342,0.05,SurOcc
283,319.7308785,0.05,SurOcc
284,314.1820259,0.05,SurOcc
285,308.71399039999994,0.05,SurOcc
286,303.32586349999997,0.05,SurOcc
287,298.0170852,0.05,SurOcc
288,292.7871273,0.05,SurOcc
289,287.8817336,0.05,SurOcc
290,282.97962810000007,0.05,SurOcc
291,277.9730524,0.05,SurOcc
292,273.0416006,0.05,SurOcc
293,268.1851543,0.05,SurOcc
294,263.40301850000003,0.05,SurOcc
295,258.69533509999997,0.05,SurOcc
296,254.06233089999998,0.05,SurOcc
297,249.50067349999998,0.05,SurOcc
298,245.3994917,0.05,SurOcc
299,241.3215057,0.05,SurOcc
300,237.14016380000004,0.05,SurOcc
301,232.8478278,0.05,SurOcc
302,228.6281367,0.05,SurOcc
303,224.479605,0.05,SurOcc
304,220.40053840000002,0.05,SurOcc
305,216.38955479999998,0.05,SurOcc
306,212.44536340000002,0.05,SurOcc
307,208.566723,0.05,SurOcc
308,204.75252849999998,0.05,SurOcc
309,201.00190869999997,0.05,SurOcc
310,197.3954962,0.05,SurOcc
311,193.8348514,0.05,SurOcc
312,190.4114646,0.05,SurOcc
313,186.8970321,0.05,SurOcc
314,183.44108880000002,0.05,SurOcc
315,180.043257,0.05,SurOcc
316,176.7030238,0.05,SurOcc
317,173.4188465,0.05,SurOcc
318,170.18965590000002,0.05,SurOcc
319,167.015058,0.05,SurOcc
320,163.8946543,0.05,SurOcc
321,160.82845490000003,0.05,SurOcc
322,157.816251,0.05,SurOcc
323,154.85732959999999,0.05,SurOcc
324,151.9500262,0.05,SurOcc
325,149.0936435,0.05,SurOcc
326,146.2872615,0.05,SurOcc
327,143.5301701,0.05,SurOcc
328,140.8217558,0.05,SurOcc
329,138.1614375,0.05,SurOcc
330,135.54840049999999,0.05,SurOcc
331,132.9812033,0.05,SurOcc
332,130.45934979999998,0.05,SurOcc
333,127.9821453,0.05,SurOcc
334,125.54892350000001,0.05,SurOcc
335,123.1593755,0.05,SurOcc
336,120.81297250000001,0.05,SurOcc
337,118.5085854,0.05,SurOcc
338,116.2452945,0.05,SurOcc
339,114.0225727,0.05,SurOcc
340,111.8398888,0.05,SurOcc
341,109.69668429999999,0.05,SurOcc
342,107.59264240000002,0.05,SurOcc
343,105.5273294,0.05,SurOcc
344,103.4993621,0.05,SurOcc
345,101.5082563,0.05,SurOcc
346,99.55340877,0.05,SurOcc
347,97.73325941,0.05,SurOcc
348,95.96884888,0.05,SurOcc
349,94.34581294,0.05,SurOcc
350,93.08869440000001,0.05,SurOcc
351,92.37632684,0.05,SurOcc
352,92.40709369,0.05,SurOcc
353,93.32710815,0.05,SurOcc
354,95.43844189,0.05,SurOcc
355,98.95716942,0.05,SurOcc
356,104.15510309999999,0.05,SurOcc
357,111.22065590000001,0.05,SurOcc
358,120.10160020000001,0.05,SurOcc
359,130.5489163,0.05,SurOcc
360,142.218737,0.05,SurOcc
361,154.7393269,0.05,SurOcc
362,167.7417608,0.05,SurOcc
363,180.8916136,0.3,SurOcc
364,193.8949862,0.3,SurOcc
365,206.5073905,0.3,SurOcc
1,0.0,1.0,SurOr
2,1.97e-10,1.0,SurOr
3,3.9100000000000005e-10,1.0,SurOr
4,4.12e-10,1.0,SurOr
5,4.22e-10,1.0,SurOr
6,3.47e-08,1.0,SurOr
7,5.88e-08,1.0,SurOr
8,1.54e-07,1.0,SurOr
9,1.96e-07,1.0,SurOr
10,4.879999999999999e-07,0.1,SurOr
11,1.25e-06,0.1,SurOr
12,4.96e-06,0.1,SurOr
13,1.31e-05,0.1,SurOr
14,2.01e-05,0.1,SurOr
15,2.78e-05,0.1,SurOr
16,3.16e-05,0.1,SurOr
17,4.04e-05,0.1,SurOr
18,7.48e-05,0.1,SurOr
19,0.000129337,0.1,SurOr
20,0.00017950599999999999,0.1,SurOr
21,0.000266664,0.1,SurOr
22,0.000354808,0.1,SurOr
23,0.000515904,0.1,SurOr
24,0.000729724,0.1,SurOr
25,0.0009624680000000001,0.1,SurOr
26,0.000982201,0.1,SurOr
27,0.00112112,0.1,SurOr
28,0.0014515939999999998,0.1,SurOr
29,0.001801312,0.1,SurOr
30,0.0019149079999999999,0.1,SurOr
31,0.0022591910000000002,0.1,SurOr
32,0.00226887,0.1,SurOr
33,0.002627526,0.1,SurOr
34,0.00305949,0.1,SurOr
35,0.003466934,0.1,SurOr
36,0.003794745,0.1,SurOr
37,0.003794783,0.1,SurOr
38,0.003798795,0.1,SurOr
39,0.004018296,0.1,SurOr
40,0.0043205990000000005,0.1,SurOr
41,0.0045739809999999995,0.1,SurOr
42,0.005086143,0.1,SurOr
43,0.005348666,0.1,SurOr
44,0.005813051999999999,0.1,SurOr
45,0.005813734,0.1,SurOr
46,0.006259855999999999,0.1,SurOr
47,0.0067964209999999995,0.1,SurOr
48,0.007378981,0.1,SurOr
49,0.007949002,0.1,SurOr
50,0.007957476,0.1,SurOr
51,0.008266483,0.1,SurOr
52,0.008710989,0.1,SurOr
53,0.008974474,0.1,SurOr
54,0.009698552,0.1,SurOr
55,0.010168408,0.1,SurOr
56,0.010808775,0.1,SurOr
57,0.011128984,0.1,SurOr
58,0.011831666000000001,0.3,SurOr
59,0.012656035,0.3,SurOr
60,0.013487104,0.3,SurOr
61,0.014073458,0.3,SurOr
62,0.014539527,0.3,SurOr
63,0.015335478999999999,0.3,SurOr
64,0.015873811,0.3,SurOr
65,0.016984181,0.3,SurOr
66,0.018109015,0.3,SurOr
67,0.018359995,0.3,SurOr
68,0.019406631,0.3,SurOr
69,0.020742708000000002,0.3,SurOr
70,0.021944027,0.3,SurOr
71,0.022858423,0.3,SurOr
72,0.023513519,0.3,SurOr
73,0.024506171,0.3,SurOr
74,0.025553975,0.3,SurOr
75,0.027261422999999996,0.3,SurOr
76,0.029058425,0.3,SurOr
77,0.029832222000000002,0.3,SurOr
78,0.031481363,0.3,SurOr
79,0.033463477,0.3,SurOr
80,0.035249711,0.3,SurOr
81,0.037272339,0.3,SurOr
82,0.039406292999999995,0.3,SurOr
83,0.041714832,0.3,SurOr
84,0.044031231,0.3,SurOr
85,0.045960793,0.3,SurOr
86,0.048346953,0.3,SurOr
87,0.050583307,0.3,SurOr
88,0.053669565999999995,0.3,SurOr
89,0.057160003,0.3,SurOr
90,0.060401276,0.3,SurOr
91,0.06523894599999999,0.3,SurOr
92,0.070638248,0.3,SurOr
93,0.077267667,0.3,SurOr
94,0.08523713,0.3,SurOr
95,0.093839874,0.3,SurOr
96,0.104557375,0.3,SurOr
97,0.115230402,0.3,SurOr
98,0.131402512,0.3,SurOr
99,0.150650708,0.3,SurOr
100,0.16899267899999998,0.3,SurOr
101,0.19631967600000003,0.3,SurOr
102,0.226671753,0.3,SurOr
103,0.264011299,0.3,SurOr
104,0.318328994,0.3,SurOr
105,0.382906249,0.05,SurOr
106,0.464596016,0.05,SurOr
107,0.575111186,0.05,SurOr
108,0.6966051679999999,0.05,SurOr
109,0.839259341,0.05,SurOr
110,1.024854891,0.05,SurOr
111,1.257980535,0.05,SurOr
112,1.541478574,0.05,SurOr
113,1.904345634,0.05,SurOr
114,2.3769244730000003,0.05,SurOr
115,2.9876743119999998,0.05,SurOr
116,3.66623447,0.05,SurOr
117,4.573125721,0.05,SurOr
118,5.714691658,0.05,SurOr
119,7.150843372000001,0.05,SurOr
120,8.932220752000001,0.05,SurOr
121,11.18590281,0.05,SurOr
122,14.15699267,0.05,SurOr
123,17.63050084,0.05,SurOr
124,22.07911198,0.05,SurOr
125,27.60024486,0.05,SurOr
126,34.80922099,0.05,SurOr
127,44.06336689,0.05,SurOr
128,55.77239788,0.05,SurOr
129,70.5513338,0.05,SurOr
130,89.20967762,0.05,SurOr
131,112.72737009999999,0.05,SurOr
132,142.0173256,0.05,SurOr
133,177.1853127,0.05,SurOr
134,217.6754585,0.05,SurOr
135,262.5368612,0.05,SurOr
136,310.6955914,0.05,SurOr
137,361.0584517,0.05,SurOr
138,412.59851660000004,0.05,SurOr
139,464.40715539999997,0.05,SurOr
140,515.7055518999999,0.05,SurOr
141,565.8505734,0.05,SurOr
142,614.3268995,0.05,SurOr
143,660.7446565,0.05,SurOr
144,704.8071731000001,0.05,SurOr
145,746.3214191000001,0.05,SurOr
146,785.1607543,0.05,SurOr
147,821.2621131,0.05,SurOr
148,854.6227489,0.05,SurOr
149,885.2647396,0.05,SurOr
150,913.2574422,0.05,SurOr
151,938.6821133,0.05,SurOr
152,961.6378396,0.05,SurOr
153,982.2439593,0.05,SurOr
154,1000.6139099999999,0.05,SurOr
155,1016.8773359999999,0.05,SurOr
156,1031.156553,0.05,SurOr
157,1043.573027,0.05,SurOr
158,1054.251577,0.05,SurOr
159,1063.3035439999999,0.05,SurOr
160,1070.844192,0.05,SurOr
161,1076.978182,0.05,SurOr
162,1081.803758,0.05,SurOr
163,1085.4188589999999,0.05,SurOr
164,1087.908095,0.05,SurOr
165,1089.355969,0.05,SurOr
166,1089.838348,0.05,SurOr
167,1089.4249710000001,0.05,SurOr
168,1088.184457,0.05,SurOr
169,1086.175235,0.05,SurOr
170,1083.455812,0.05,SurOr
171,1080.077554,0.05,SurOr
172,1076.08743,0.05,SurOr
173,1071.5317009999999,0.05,SurOr
174,1066.449885,0.05,SurOr
175,1060.881059,0.05,SurOr
176,1054.860077,0.05,SurOr
177,1048.4189099999999,0.05,SurOr
178,1041.588579,0.05,SurOr
179,1034.3959539999998,0.05,SurOr
180,1026.867618,0.05,SurOr
181,1019.0277890000001,0.05,SurOr
182,1010.898292,0.05,SurOr
183,1002.5013630000001,0.05,SurOr
184,993.8559485,0.05,SurOr
185,984.9806606000001,0.05,SurOr
186,975.8929145999999,0.05,SurOr
187,966.6085921,0.05,SurOr
188,957.1439009,0.05,SurOr
189,947.5127595,0.05,SurOr
190,937.7296456,0.05,SurOr
191,927.8107203,0.05,SurOr
192,918.600727,0.05,SurOr
193,908.4457017999999,0.05,SurOr
194,898.1861367999999,0.05,SurOr
195,887.8327287000001,0.05,SurOr
196,877.3961327,0.05,SurOr
197,866.886308,0.05,SurOr
198,856.3125875,0.05,SurOr
199,845.6840809,0.05,SurOr
200,835.009289,0.05,SurOr
201,824.2967788,0.05,SurOr
202,813.5545115,0.05,SurOr
203,802.7904392999999,0.05,SurOr
204,792.0120823,0.05,SurOr
205,781.226309,0.05,SurOr
206,770.4399842,0.05,SurOr
207,759.6594934,0.05,SurOr
208,748.8912455,0.05,SurOr
209,738.1413349999999,0.05,SurOr
210,727.4159642000001,0.05,SurOr
211,716.7205172,0.05,SurOr
212,706.0603354,0.05,SurOr
213,695.4404654,0.05,SurOr
214,684.8657296,0.05,SurOr
215,674.3409625,0.05,SurOr
216,663.8703902000001,0.05,SurOr
217,653.4586295,0.05,SurOr
218,643.1094578999999,0.05,SurOr
219,632.8266563,0.05,SurOr
220,622.6140022000001,0.05,SurOr
221,612.4747583999999,0.05,SurOr
222,602.4123549999999,0.05,SurOr
223,592.4299681,0.05,SurOr
224,582.5305268,0.05,SurOr
225,572.7168379999999,0.05,SurOr
226,562.991221,0.05,SurOr
227,553.3562519,0.05,SurOr
228,543.8142038999999,0.05,SurOr
229,534.367004,0.05,SurOr
230,525.0171282,0.05,SurOr
231,515.7659677,0.05,SurOr
232,506.61531849999994,0.05,SurOr
233,497.56665419999996,0.05,SurOr
234,488.62123899999995,0.05,SurOr
235,479.78065989999993,0.05,SurOr
236,471.0456709,0.05,SurOr
237,462.4177103999999,0.05,SurOr
238,453.89748430000003,0.05,SurOr
239,445.48561789999997,0.05,SurOr
240,437.1830416,0.05,SurOr
241,428.98998739999996,0.05,SurOr
242,420.9071086,0.05,SurOr
243,412.9348315,0.05,SurOr
244,405.07331989999994,0.05,SurOr
245,397.32293070000003,0.05,SurOr
246,389.6834015,0.05,SurOr
247,382.15491139999995,0.05,SurOr
248,374.73740689999994,0.05,SurOr
249,367.4304841,0.05,SurOr
250,360.2344097,0.05,SurOr
251,353.14846560000007,0.05,SurOr
252,346.1723995,0.05,SurOr
253,339.30580089999995,0.05,SurOr
254,332.547932,0.05,SurOr
255,325.89860560000005,0.05,SurOr
256,319.35687189999993,0.05,SurOr
257,312.9224174,0.05,SurOr
258,306.59446260000004,0.05,SurOr
259,300.37203819999996,0.05,SurOr
260,294.25460510000005,0.05,SurOr
261,288.2409747,0.05,SurOr
262,282.33049489999996,0.05,SurOr
263,276.52236830000004,0.05,SurOr
264,270.81550310000006,0.05,SurOr
265,265.20915180000003,0.05,SurOr
266,259.7019855,0.05,SurOr
267,254.293056,0.05,SurOr
268,248.98137480000003,0.05,SurOr
269,243.7657024,0.05,SurOr
270,238.6453645,0.05,SurOr
271,233.618948,0.05,SurOr
272,228.68542090000003,0.05,SurOr
273,223.84365499999998,0.05,SurOr
274,219.09214649999998,0.05,SurOr
275,214.4301116,0.05,SurOr
276,209.8561867,0.05,SurOr
277,205.3694128,0.05,SurOr
278,200.9686373,0.05,SurOr
279,196.6524107,0.05,SurOr
280,192.4196903,0.05,SurOr
281,188.268885,0.05,SurOr
282,184.1991387,0.05,SurOr
283,180.20945749999998,0.05,SurOr
284,176.2984529,0.05,SurOr
285,172.46507219999998,0.05,SurOr
286,168.7078928,0.05,SurOr
287,165.02574009999998,0.05,SurOr
288,161.4175051,0.05,SurOr
289,158.0506025,0.05,SurOr
290,154.7033875,0.05,SurOr
291,151.3030622,0.05,SurOr
292,147.9715982,0.05,SurOr
293,144.7081763,0.05,SurOr
294,141.51142180000002,0.05,SurOr
295,138.38078380000002,0.05,SurOr
296,135.3154012,0.05,SurOr
297,132.3130102,0.05,SurOr
298,129.6273288,0.05,SurOr
299,126.96975049999999,0.05,SurOr
300,124.2580587,0.05,SurOr
301,121.4882284,0.05,SurOr
302,118.77875800000001,0.05,SurOr
303,116.1278966,0.05,SurOr
304,113.53483349999999,0.05,SurOr
305,110.9978253,0.05,SurOr
306,108.5152622,0.05,SurOr
307,106.08629440000001,0.05,SurOr
308,103.7096152,0.05,SurOr
309,101.3829521,0.05,SurOr
310,99.15508438,0.05,SurOr
311,96.97452529,0.05,SurOr
312,94.95519661,0.05,SurOr
313,93.08247875,0.05,SurOr
314,91.59824417,0.05,SurOr
315,90.67070345,0.05,SurOr
316,90.47194702,0.05,SurOr
317,91.18488011,0.05,SurOr
318,92.99889171,0.05,SurOr
319,96.11294085,0.05,SurOr
320,100.7510864,0.3,SurOr
321,107.1216314,0.3,SurOr
322,115.26113229999999,0.3,SurOr
323,124.98061259999999,0.3,SurOr
324,135.9659026,0.3,SurOr
325,147.857992,0.3,SurOr
326,160.2885679,0.3,SurOr
327,172.9171398,0.3,SurOr
328,185.4409644,0.3,SurOr
329,197.60501340000002,0.3,SurOr
330,209.20002399999998,0.3,SurOr
331,220.06635,0.3,SurOr
332,230.08337310000002,0.05,SurOr
333,239.16858169999998,0.05,SurOr
334,247.2743108,0.05,SurOr
335,254.374831,0.05,SurOr
336,260.4726801,0.05,SurOr
337,265.5834079,0.05,SurOr
338,269.7374026,0.05,SurOr
339,272.9780467,0.05,SurOr
340,275.3514528,0.05,SurOr
341,276.9139159,0.05,SurOr
342,277.72116739999996,0.05,SurOr
343,277.8310992,0.05,SurOr
344,277.3037865,0.05,SurOr
345,276.1949517,0.05,SurOr
346,274.5620857,0.05,SurOr
347,272.572494,0.05,SurOr
348,270.1592409,0.05,SurOr
349,267.2925682,0.05,SurOr
350,264.09634930000004,0.05,SurOr
351,260.61093250000005,0.05,SurOr
352,256.87792310000003,0.05,SurOr
353,253.10678790000003,0.05,SurOr
354,248.98199259999998,0.05,SurOr
355,244.71288900000002,0.05,SurOr
356,240.3203904,0.05,SurOr
357,235.8302702,0.05,SurOr
358,231.2649679,0.05,SurOr
359,226.6448432,0.05,SurOr
360,221.98812850000002,0.05,SurOr
361,217.3109293,0.05,SurOr
362,212.6278234,0.05,SurOr
363,207.9516852,0.05,SurOr
364,203.29400869999998,0.05,SurOr
365,198.66468490000003,0.05,SurOr
366,194.0724883,0.05,SurOr
367,189.524814,0.05,SurOr
368,185.0282292,0.05,SurOr
369,180.67859040000002,0.05,SurOr
370,176.6155551,0.05,SurOr
371,172.65306730000003,0.05,SurOr
372,168.5322351,0.05,SurOr
373,164.3449772,0.05,SurOr
374,160.2313337,0.05,SurOr
375,156.1932961,0.05,SurOr
376,152.2327389,0.05,SurOr
377,148.5201885,0.05,SurOr
378,145.182949,0.05,SurOr
379,141.6707045,0.05,SurOr
380,138.2339835,0.05,SurOr
381,134.7974989,0.05,SurOr
382,131.4269169,0.05,SurOr
383,127.991824,0.05,SurOr
384,124.6370207,0.05,SurOr
385,121.36180759999999,0.05,SurOr
386,118.1645845,0.05,SurOr
387,115.0442126,0.05,SurOr
388,111.9993277,0.05,SurOr
389,109.0286572,0.05,SurOr
390,106.1300602,0.05,SurOr
391,103.30306329999999,0.05,SurOr
392,100.5449095,0.05,SurOr
393,97.96569863,0.05,SurOr
394,95.36624624,0.05,SurOr
395,92.94318089,0.05,SurOr
396,90.81447793,0.05,SurOr
397,89.11538814,0.05,SurOr
398,87.98710309,0.05,SurOr
399,87.57183301,0.05,SurOr
400,88.01754357,0.05,SurOr
401,89.47146235,0.05,SurOr
402,92.09483617,0.05,SurOr
403,96.05703158,0.05,SurOr
404,101.54330209999999,0.05,SurOr
405,108.7480633,0.05,SurOr
406,117.70018300000001,0.05,SurOr
407,128.2120682,0.05,SurOr
408,139.9581612,0.05,SurOr
409,152.56092030000002,0.05,SurOr
410,165.639776,0.05,SurOr
411,178.8370937,0.05,SurOr
412,191.83852819999998,0.05,SurOr
413,204.3787708,0.05,SurOr
414,216.24445669999997,0.05,SurOr
415,227.2681899,0.05,SurOr
416,237.33322489999998,0.05,SurOr
417,246.3568299,0.05,SurOr
418,254.293991,0.3,SurOr
419,261.12841230000004,0.3,SurOr
420,266.863029,0.3,SurOr
421,271.5264462,0.3,SurOr
422,275.1550356,0.3,SurOr
423,277.79952189999995,0.3,SurOr
424,279.5183464,0.3,SurOr
425,280.3715438,0.3,SurOr
426,280.4273528,0.3,SurOr
427,279.75023639999995,0.3,SurOr
428,278.40689060000005,0.3,SurOr
429,276.4628373,0.3,SurOr
430,273.9791935,0.3,SurOr
431,271.0177153,0.3,SurOr
432,267.6340379,0.05,SurOr
433,263.8817399,0.05,SurOr
434,259.810991,0.05,SurOr
435,255.46710730000004,0.05,SurOr
436,250.89351000000002,0.05,SurOr
437,246.12865860000002,0.05,SurOr
438,241.20829159999997,0.05,SurOr
439,236.2899436,0.05,SurOr
440,231.70097169999997,0.05,SurOr
441,226.9374702,0.05,SurOr
442,221.8882855,0.05,SurOr
443,216.6192225,0.05,SurOr
444,211.887365,0.05,SurOr
445,207.505703,0.05,SurOr
446,202.880373,0.05,SurOr
447,198.09464599999998,0.05,SurOr
448,193.40193530000002,0.05,SurOr
449,188.61239469999998,0.05,SurOr
450,183.6613132,0.05,SurOr
451,178.84875830000001,0.05,SurOr
452,174.5267015,0.05,SurOr
453,170.14017909999998,0.05,SurOr
454,165.866319,0.05,SurOr
455,161.5349681,0.05,SurOr
456,157.3878133,0.05,SurOr
457,153.2174573,0.05,SurOr
458,148.8399117,0.05,SurOr
459,146.6101367,0.05,SurOr
460,146.2993769,0.05,SurOr
461,142.43848549999998,0.05,SurOr
462,138.4823841,0.05,SurOr
463,134.5746698,0.05,SurOr
464,130.7069196,0.05,SurOr
465,127.11846680000001,0.05,SurOr
466,123.5831618,0.05,SurOr
467,119.96578000000001,0.05,SurOr
468,116.68973259999999,0.05,SurOr
469,113.7007787,0.05,SurOr
470,110.79640359999999,0.05,SurOr
471,107.6937159,0.05,SurOr
472,104.3893637,0.05,SurOr
473,101.1758104,0.05,SurOr
474,98.18052126,0.05,SurOr
475,95.1591304,0.05,SurOr
476,92.30790037,0.05,SurOr
477,89.72299922,0.05,SurOr
478,87.51481489,0.05,SurOr
479,85.79988084,0.05,SurOr
480,84.69247883,0.05,SurOr
481,84.30702774,0.05,SurOr
482,84.76075582,0.05,SurOr
483,86.16810017,0.05,SurOr
484,88.65443989,0.05,SurOr
485,92.10918114,0.05,SurOr
486,96.3052802,0.05,SurOr
487,102.1511336,0.05,SurOr
488,109.94493,0.05,SurOr
489,119.3824371,0.05,SurOr
490,130.2686472,0.05,SurOr
491,142.27813930000002,0.05,SurOr
492,155.0309378,0.05,SurOr
493,168.14891809999997,0.05,SurOr
494,181.2785322,0.05,SurOr
495,194.1105924,0.05,SurOr
496,206.38500380000002,0.05,SurOr
497,217.8965142,0.05,SurOr
498,228.48524249999997,0.05,SurOr
499,238.04132709999996,0.05,SurOr
500,246.49233790000002,0.05,SurOr
501,253.79869559999997,0.05,SurOr
502,259.9549191,0.05,SurOr
503,264.97184269999997,0.05,SurOr
504,268.8844704,0.05,SurOr
505,271.73895130000005,0.05,SurOr
506,273.5905095,0.05,SurOr
507,274.50636749999995,0.05,SurOr
508,274.55246889999995,0.05,SurOr
509,273.8016668,0.05,SurOr
510,272.3252477,0.3,SurOr
511,270.1927745,0.3,SurOr
512,267.4752688,0.3,SurOr
513,264.2374088,0.3,SurOr
514,260.5433006,0.3,SurOr
515,256.4523253,0.3,SurOr
516,252.0194682,0.3,SurOr
517,248.29950519999997,0.3,SurOr
518,244.37696980000004,0.3,SurOr
519,240.32442569999998,0.3,SurOr
520,236.068498,0.3,SurOr
521,231.40787799999998,0.3,SurOr
522,226.4544748,0.3,SurOr
523,226.31873900000002,0.3,SurOr
524,225.4939301,0.3,SurOr
525,223.228948,0.3,SurOr
526,220.72803109999998,0.05,SurOr
527,220.5225978,0.05,SurOr
528,217.9356065,0.05,SurOr
529,213.34712140000002,0.05,SurOr
530,208.7472466,0.05,SurOr
531,204.0857036,0.05,SurOr
532,199.64183830000002,0.05,SurOr
533,195.1430121,0.05,SurOr
534,190.0333898,0.05,SurOr
535,188.8209108,0.05,SurOr
536,188.07896630000002,0.05,SurOr
537,186.10819640000003,0.05,SurOr
538,183.35081780000002,0.05,SurOr
539,183.1816523,0.05,SurOr
540,183.07585830000002,0.05,SurOr
541,178.8554897,0.05,SurOr
542,174.34401469999997,0.05,SurOr
543,170.11555780000003,0.05,SurOr
544,165.75160319999998,0.05,SurOr
545,161.62369089999999,0.05,SurOr
546,157.56714209999998,0.05,SurOr
547,156.3876244,0.05,SurOr
548,152.4455366,0.05,SurOr
549,148.5482073,0.05,SurOr
550,146.6512737,0.05,SurOr
551,144.692815,0.05,SurOr
552,142.70129409999998,0.05,SurOr
553,142.4208094,0.05,SurOr
554,138.8236767,0.05,SurOr
555,138.8046389,0.05,SurOr
556,138.7892083,0.05,SurOr
557,136.4551771,0.05,SurOr
558,134.9940416,0.05,SurOr
559,133.5902758,0.05,SurOr
560,131.2624102,0.05,SurOr
561,129.9108541,0.05,SurOr
562,126.21565590000002,0.05,SurOr
563,122.5780767,0.05,SurOr
564,119.15342279999999,0.05,SurOr
565,116.1123012,0.05,SurOr
566,112.98845060000001,0.05,SurOr
567,109.9142625,0.05,SurOr
568,106.7539814,0.05,SurOr
569,103.65419200000001,0.05,SurOr
570,100.458765,0.05,SurOr
571,97.54739139,0.05,SurOr
572,94.67101711,0.05,SurOr
573,91.8497211,0.05,SurOr
574,89.22039182,0.05,SurOr
575,86.83416797,0.05,SurOr
576,84.74652699,0.05,SurOr
577,83.06829661,0.05,SurOr
578,81.77485931,0.05,SurOr
579,81.00339066,0.05,SurOr
580,80.79059518,0.05,SurOr
581,81.17107599,0.05,SurOr
582,82.15673235,0.05,SurOr
583,83.80157715,0.05,SurOr
584,85.95145811,0.05,SurOr
585,86.96105118,0.05,SurOr
586,89.98192519,0.05,SurOr
587,90.64287232,0.05,SurOr
588,94.4703066,0.05,SurOr
589,97.39999992,0.05,SurOr
590,99.65967848,0.05,SurOr
591,104.4633292,0.05,SurOr
592,112.3396949,0.05,SurOr
593,120.7165348,0.05,SurOr
594,130.240597,0.05,SurOr
595,140.38106299999998,0.05,SurOr
596,150.7795524,0.05,SurOr
597,162.77325480000002,0.05,SurOr
598,173.6814556,0.3,SurOr
599,184.7345761,0.3,SurOr
600,195.1037564,0.3,SurOr
601,205.13333319999998,0.3,SurOr
602,214.48084869999997,0.3,SurOr
603,222.91119249999997,0.3,SurOr
604,231.2064774,0.3,SurOr
605,238.518973,0.3,SurOr
606,244.48370130000004,0.3,SurOr
607,249.65015019999998,0.3,SurOr
608,253.8860756,0.3,SurOr
609,257.15245580000004,0.3,SurOr
610,259.6585222,0.3,SurOr
611,261.5386795,0.3,SurOr
612,262.7264085,0.3,SurOr
613,263.0085077,0.3,SurOr
614,262.6526212,0.3,SurOr
615,261.7998176,0.3,SurOr
616,260.51522420000003,0.05,SurOr
617,258.7214816,0.05,SurOr
618,257.4981904,0.05,SurOr
619,256.4464069,0.05,SurOr
620,253.9150125,0.05,SurOr
621,250.4877304,0.05,SurOr
622,249.97107480000003,0.05,SurOr
623,249.57841069999998,0.05,SurOr
624,247.5768253,0.05,SurOr
625,245.65522280000002,0.05,SurOr
626,245.4870294,0.05,SurOr
627,244.7886489,0.05,SurOr
628,241.0585181,0.05,SurOr
629,237.25599240000003,0.05,SurOr
630,233.2917711,0.05,SurOr
631,229.1166918,0.05,SurOr
632,224.6897602,0.05,SurOr
633,219.4385439,0.05,SurOr
634,216.8216525,0.05,SurOr
635,216.7765827,0.05,SurOr
636,216.22703199999998,0.05,SurOr
637,213.304975,0.05,SurOr
638,211.07541719999998,0.05,SurOr
639,210.87082489999997,0.05,SurOr
640,208.14496100000002,0.05,SurOr
641,203.47875439999999,0.05,SurOr
642,198.66253269999999,0.05,SurOr
643,193.83326269999998,0.05,SurOr
644,188.99022109999999,0.05,SurOr
645,184.01289609999998,0.05,SurOr
646,178.91513080000001,0.05,SurOr
647,178.4937999,0.05,SurOr
648,178.4470292,0.05,SurOr
649,177.8872646,0.05,SurOr
650,175.3214061,0.05,SurOr
651,170.2589862,0.05,SurOr
652,165.3161761,0.05,SurOr
653,160.49899059999998,0.05,SurOr
654,155.53021940000002,0.05,SurOr
655,150.85067759999998,0.05,SurOr
656,146.043794,0.05,SurOr
657,141.38614730000003,0.05,SurOr
658,137.2969428,0.05,SurOr
659,133.21939220000002,0.05,SurOr
660,129.2840419,0.05,SurOr
661,125.4016582,0.05,SurOr
662,121.4678828,0.05,SurOr
663,117.4791295,0.05,SurOr
664,113.26872820000001,0.05,SurOr
665,109.677475,0.05,SurOr
666,106.33261599999999,0.05,SurOr
667,103.0021215,0.05,SurOr
668,99.96282623,0.05,SurOr
669,97.14989485,0.05,SurOr
670,96.00407639,0.05,SurOr
671,94.43794651,0.05,SurOr
672,92.97956929,0.05,SurOr
673,92.61386608,0.05,SurOr
674,89.73619581,0.05,SurOr
675,87.0719349,0.05,SurOr
676,84.71480277,0.05,SurOr
677,82.51390646,0.05,SurOr
678,80.62614593,0.05,SurOr
679,79.07761806,0.05,SurOr
680,77.91770419,0.05,SurOr
681,77.15481107,0.05,SurOr
682,76.86701394,0.05,SurOr
683,77.12006093,0.3,SurOr
684,77.95156283,0.3,SurOr
685,79.4476521,0.3,SurOr
686,81.49691538,0.3,SurOr
687,84.3722521,0.3,SurOr
688,87.96451944,0.3,SurOr
689,91.13542543,0.3,SurOr
690,93.00274789,0.3,SurOr
691,96.00619605,0.3,SurOr
692,97.97657347,0.3,SurOr
693,101.7340135,0.3,SurOr
694,104.43106490000001,0.3,SurOr
695,111.44052409999999,0.3,SurOr
696,119.49479550000001,0.3,SurOr
697,128.1016004,0.3,SurOr
698,137.39018969999998,0.3,SurOr
699,147.0479913,0.3,SurOr
700,157.1051867,0.3,SurOr
701,167.7103883,0.3,SurOr
702,177.99999119999998,0.3,SurOr
703,187.2904252,0.05,SurOr
704,196.1097142,0.05,SurOr
705,204.3446622,0.05,SurOr
706,211.93075640000004,0.05,SurOr
707,218.79649410000002,0.05,SurOr
708,224.9574378,0.05,SurOr
709,228.26060780000003,0.05,SurOr
710,228.366288,0.05,SurOr
711,232.542411,0.05,SurOr
712,232.5672126,0.05,SurOr
713,233.84260840000002,0.05,SurOr
714,237.27604739999998,0.05,SurOr
715,238.3004285,0.05,SurOr
716,241.0960539,0.05,SurOr
717,243.5156038,0.05,SurOr
718,245.22608419999997,0.05,SurOr
719,246.256067,0.05,SurOr
720,246.6436226,0.05,SurOr
721,246.3716685,0.05,SurOr
722,245.74686569999997,0.05,SurOr
723,245.64059989999998,0.05,SurOr
724,245.59487799999997,0.05,SurOr
725,244.5684306,0.05,SurOr
726,244.1113205,0.05,SurOr
727,244.0374278,0.05,SurOr
728,243.1045235,0.05,SurOr
729,241.04308880000002,0.05,SurOr
730,238.5353418,0.05,SurOr
